404,https://s7d2.scene7.com/is/content/AlliedAirEnterprises/Product%20Materials%20Library/Spec%20Sheets/Packaged%20Units/RESI_PACKAGEDUNITS_PRPGN14_SEER2_INSTALLATIONMANUAL.pdf,RESI_PACKAGEDUNITS_PRPGN14_SEER2_INSTALLATIONMANUAL.pdf,21-Jun-2023,18:12:18
403,https://s7d2.scene7.com/is/content/AlliedAirEnterprises/,,21-Jun-2023,18:12:18
200,https://s7d2.scene7.com/is/content/AlliedAirEnterprises/Product%20Materials%20Library/Installation%20%26%20Service%20Manuals/Packaged%20Units/RESI_PACKAGEDUNITS_PRPAC14-PRPDF14-PRPGE14-PRPHP14-PRAC14-PRDF14PRGE14-PRHP14_CURBINSTALLATIONMANUALpdf.pdf,RESI_PACKAGEDUNITS_PRPAC14-PRPDF14-PRPGE14-PRPHP14-PRAC14-PRDF14PRGE14-PRHP14_CURBINSTALLATIONMANUALpdf.pdf,21-Jun-2023,18:12:19
404,https://s7d2.scene7.com/is/content/AlliedAirEnterprises/1%20-%20Document%20Updates/FLAGSHIP_AIRHANDLERS_BCE7S-OMNIGUARD_INSTALLATIONMANUALpdf.pdf,FLAGSHIP_AIRHANDLERS_BCE7S-OMNIGUARD_INSTALLATIONMANUALpdf.pdf,21-Jun-2023,18:12:19
200,https://s7d2.scene7.com/is/content/AlliedAirEnterprises/Product%20Materials%20Library/Installation%20%26%20Service%20Manuals/Packaged%20Units/RESI_PACKAGEDUNITS_PRPAC14-PRPDF14-PRPGE14-PRPHP14-PRAC14-PRDF14PRGE14-PRHP14_CURBINSTALLATIONMANUALpdf.pdf,RESI_PACKAGEDUNITS_PRPAC14-PRPDF14-PRPGE14-PRPHP14-PRAC14-PRDF14PRGE14-PRHP14_CURBINSTALLATIONMANUALpdf.pdf,21-Jun-2023,18:12:19
200,https://s7d2.scene7.com/is/content/AlliedAirEnterprises/Product%20Materials%20Library/Installation%20%26%20Service%20Manuals/Packaged%20Units/RESI_PACKAGEDUNITS_PRPAC14-PRPDF14-PRPGE14-PRPHP14-PRAC14-PRDF14PRGE14-PRHP14_CURBINSTALLATIONMANUALpdf.pdf,RESI_PACKAGEDUNITS_PRPAC14-PRPDF14-PRPGE14-PRPHP14-PRAC14-PRDF14PRGE14-PRHP14_CURBINSTALLATIONMANUALpdf.pdf,21-Jun-2023,18:12:20
200,https://s7d2.scene7.com/is/content/AlliedAirEnterprises/Product%20Materials%20Library/Installation%20%26%20Service%20Manuals/Packaged%20Units/RESI_PACKAGEDUNITS_PRPAC14-PRPDF14-PRPGE14-PRPHP14-PRAC14-PRDF14PRGE14-PRHP14_CURBINSTALLATIONMANUALpdf.pdf,RESI_PACKAGEDUNITS_PRPAC14-PRPDF14-PRPGE14-PRPHP14-PRAC14-PRDF14PRGE14-PRHP14_CURBINSTALLATIONMANUALpdf.pdf,21-Jun-2023,18:12:20
200,https://s7d2.scene7.com/is/content/AlliedAirEnterprises/Product%20Materials%20Library/Installation%20%26%20Service%20Manuals/Air%20Handlers/VALUE_AIRHANDLERS_BCS2V_INSTALLATIONMANUAL.pdf,VALUE_AIRHANDLERS_BCS2V_INSTALLATIONMANUAL.pdf,21-Jun-2023,18:12:21
200,https://s7d2.scene7.com/is/content/AlliedAirEnterprises/1%20-%20Document%20Updates/VALUE_OILFURNACES_L83UF-L83HF-L83BF-L83BR-L83HR_INSTALLATIONMANUAL.pdf,VALUE_OILFURNACES_L83UF-L83HF-L83BF-L83BR-L83HR_INSTALLATIONMANUAL.pdf,21-Jun-2023,18:12:22
200,https://s7d2.scene7.com/is/content/AlliedAirEnterprises/1%20-%20Document%20Updates/RESI_OILFURNACES_L85BFV-L85BRV-L85UFV_INSTALLATIONMANUAL.pdf,RESI_OILFURNACES_L85BFV-L85BRV-L85UFV_INSTALLATIONMANUAL.pdf,21-Jun-2023,18:12:22
200,https://s7d2.scene7.com/is/content/AlliedAirEnterprises/1%20-%20Document%20Updates/VALUE_OILFURNACES_L83UF-L83HF-L83BF-L83BR-L83HR_INSTALLATIONMANUAL.pdf,VALUE_OILFURNACES_L83UF-L83HF-L83BF-L83BR-L83HR_INSTALLATIONMANUAL.pdf,21-Jun-2023,18:12:22
200,https://s7d2.scene7.com/is/content/AlliedAirEnterprises/1%20-%20Document%20Updates/RESI_OILFURNACES_L85BFV-L85BRV-L85UFV_INSTALLATIONMANUAL.pdf,RESI_OILFURNACES_L85BFV-L85BRV-L85UFV_INSTALLATIONMANUAL.pdf,21-Jun-2023,18:12:23
200,https://pascalliedcdnep.azureedge.net/airease/AirEase_RPHP13_RPCE13_Install.pdf,AirEase_RPHP13_RPCE13_Install.pdf,21-Jun-2023,18:12:23
200,https://s7d2.scene7.com/is/content/AlliedAirEnterprises/1%20-%20Document%20Updates/VALUE_OILFURNACES_L83UF-L83HF-L83BF-L83BR-L83HR_INSTALLATIONMANUAL.pdf,VALUE_OILFURNACES_L83UF-L83HF-L83BF-L83BR-L83HR_INSTALLATIONMANUAL.pdf,21-Jun-2023,18:12:23
200,https://s7d2.scene7.com/is/content/AlliedAirEnterprises/1%20-%20Document%20Updates/FLAGSHIP_HEATPUMPS_4SHP14-4SHP15LE_INSTALLATIONMANUAL.pdf,FLAGSHIP_HEATPUMPS_4SHP14-4SHP15LE_INSTALLATIONMANUAL.pdf,21-Jun-2023,18:12:23
200,https://s7d2.scene7.com/is/content/AlliedAirEnterprises/AIREASE_COMFORTSYNCA3_THERMOSTAT_ZONINGBROCHURE.pdf,AIREASE_COMFORTSYNCA3_THERMOSTAT_ZONINGBROCHURE.pdf,21-Jun-2023,18:12:24
200,https://s7d2.scene7.com/is/content/AlliedAirEnterprises/Product%20Materials%20Library/Spec%20Sheets/Oil%20Furnaces/RESI_OILFURNACES_L83UFV-L83HFV-L83BFV-L83BRV-L83HRV_INSTALLATIONMANUAL.pdf,RESI_OILFURNACES_L83UFV-L83HFV-L83BFV-L83BRV-L83HRV_INSTALLATIONMANUAL.pdf,21-Jun-2023,18:12:24
200,https://s7d2.scene7.com/is/content/AlliedAirEnterprises/1%20-%20Document%20Updates/RESI_COILS_EC4X-EC1P-EU1P-EUL1P-EM1P-EH1P-ED1P_INSTALLATIONMANUALpdf.pdf,RESI_COILS_EC4X-EC1P-EU1P-EUL1P-EM1P-EH1P-ED1P_INSTALLATIONMANUALpdf.pdf,21-Jun-2023,18:12:25
200,https://s7d2.scene7.com/is/content/AlliedAirEnterprises/Product%20Materials%20Library/Spec%20Sheets/Oil%20Furnaces/RESI_OILFURNACES_L83UFV-L83HFV-L83BFV-L83BRV-L83HRV_INSTALLATIONMANUAL.pdf,RESI_OILFURNACES_L83UFV-L83HFV-L83BFV-L83BRV-L83HRV_INSTALLATIONMANUAL.pdf,21-Jun-2023,18:12:25
200,https://s7d2.scene7.com/is/content/AlliedAirEnterprises/1%20-%20Document%20Updates/RESI_ELECTRICFURNACES_EFV_INSTALLATIONMANUAL.pdf,RESI_ELECTRICFURNACES_EFV_INSTALLATIONMANUAL.pdf,21-Jun-2023,18:12:25
200,https://s7d2.scene7.com/is/content/AlliedAirEnterprises/1%20-%20Document%20Updates/RESI_COILS_EC4X-EC1P-EU1P-EUL1P-EM1P-EH1P-ED1P_INSTALLATIONMANUALpdf.pdf,RESI_COILS_EC4X-EC1P-EU1P-EUL1P-EM1P-EH1P-ED1P_INSTALLATIONMANUALpdf.pdf,21-Jun-2023,18:12:26
200,https://pascalliedcdnep.azureedge.net/airease/AirEase_RPGE13_Install.pdf,AirEase_RPGE13_Install.pdf,21-Jun-2023,18:12:26
200,https://pascalliedcdnep.azureedge.net/airease/AirEase_4PCE13E_4PCE15E_Install.pdf,AirEase_4PCE13E_4PCE15E_Install.pdf,21-Jun-2023,18:12:26
200,https://s7d2.scene7.com/is/content/AlliedAirEnterprises/Product%20Materials%20Library/Spec%20Sheets/Oil%20Furnaces/RESI_OILFURNACES_L83UFV-L83HFV-L83BFV-L83BRV-L83HRV_INSTALLATIONMANUAL.pdf,RESI_OILFURNACES_L83UFV-L83HFV-L83BFV-L83BRV-L83HRV_INSTALLATIONMANUAL.pdf,21-Jun-2023,18:12:26
200,https://s7d2.scene7.com/is/content/AlliedAirEnterprises/1%20-%20Document%20Updates/RESI_COILS_EC4X-EC1P-EU1P-EUL1P-EM1P-EH1P-ED1P_INSTALLATIONMANUALpdf.pdf,RESI_COILS_EC4X-EC1P-EU1P-EUL1P-EM1P-EH1P-ED1P_INSTALLATIONMANUALpdf.pdf,21-Jun-2023,18:12:27
200,https://s7d2.scene7.com/is/content/AlliedAirEnterprises/1%20-%20Document%20Updates/FLAGSHIP_AIRCONDITIONERS_4SCU16LS_INSTALLATIONMANUAL.pdf,FLAGSHIP_AIRCONDITIONERS_4SCU16LS_INSTALLATIONMANUAL.pdf,21-Jun-2023,18:12:28
200,https://pascalliedcdnep.azureedge.net/airease/VALUE_HEATPUMPS_4HP14L-4HP14B-4HP15L_INSTALLATIONMANUAL.pdf,VALUE_HEATPUMPS_4HP14L-4HP14B-4HP15L_INSTALLATIONMANUAL.pdf,21-Jun-2023,18:12:29
200,https://s7d2.scene7.com/is/content/AlliedAirEnterprises/1%20-%20Document%20Updates/FLAGSHIP_THERMOSTAT_COMFORTSYNC-A3_USERMANUAL.pdf,FLAGSHIP_THERMOSTAT_COMFORTSYNC-A3_USERMANUAL.pdf,21-Jun-2023,18:12:31
200,https://s7d2.scene7.com/is/content/AlliedAirEnterprises/1%20-%20Document%20Updates/RESI_COILS_EC4X-EC1P-EU1P-EUL1P-EM1P-EH1P-ED1P_INSTALLATIONMANUALpdf.pdf,RESI_COILS_EC4X-EC1P-EU1P-EUL1P-EM1P-EH1P-ED1P_INSTALLATIONMANUALpdf.pdf,21-Jun-2023,18:12:32
200,https://pascalliedcdnep.azureedge.net/airease/AirEase_4PHP13E_Install.pdf,AirEase_4PHP13E_Install.pdf,21-Jun-2023,18:12:32
200,https://s7d2.scene7.com/is/content/AlliedAirEnterprises/1%20-%20Document%20Updates/RESI_COILS_EC4X-EC1P-EU1P-EUL1P-EM1P-EH1P-ED1P_INSTALLATIONMANUALpdf.pdf,RESI_COILS_EC4X-EC1P-EU1P-EUL1P-EM1P-EH1P-ED1P_INSTALLATIONMANUALpdf.pdf,21-Jun-2023,18:12:32
200,https://pascalliedcdnep.azureedge.net/airease/AirEase_4PHP15E_Install.pdf,AirEase_4PHP15E_Install.pdf,21-Jun-2023,18:12:32
200,https://s7d2.scene7.com/is/content/AlliedAirEnterprises/1%20-%20Document%20Updates/RESI_PACKAGEDUNITS_PRPDF14-PRDF14_INSTALLATIONMANUAL.pdf,RESI_PACKAGEDUNITS_PRPDF14-PRDF14_INSTALLATIONMANUAL.pdf,21-Jun-2023,18:12:32
200,https://pascalliedcdnep.azureedge.net/airease/AirEase_RPHP13_RPCE13_Install.pdf,AirEase_RPHP13_RPCE13_Install.pdf,21-Jun-2023,18:12:33
200,https://s7d2.scene7.com/is/content/AlliedAirEnterprises/1%20-%20Document%20Updates/FLAGSHIP_HEATPUMPS_4SHP14-4SHP15LE_INSTALLATIONMANUAL.pdf,FLAGSHIP_HEATPUMPS_4SHP14-4SHP15LE_INSTALLATIONMANUAL.pdf,21-Jun-2023,18:12:34
200,https://pascalliedcdnep.azureedge.net/airease/AirEase_J4PGE15_Brochure.pdf,AirEase_J4PGE15_Brochure.pdf,21-Jun-2023,18:12:35
200,https://s7d2.scene7.com/is/content/AlliedAirEnterprises/1%20-%20Document%20Updates/RESI_AIRHANDLERS_BCE7E-OMNIGUARD_INSTALLATIONMANUAL.pdf,RESI_AIRHANDLERS_BCE7E-OMNIGUARD_INSTALLATIONMANUAL.pdf,21-Jun-2023,18:12:35
200,https://s7d2.scene7.com/is/content/AlliedAirEnterprises/1%20-%20Document%20Updates/FLAGSHIP_HEATPUMPS_4SHP14-4SHP15LE_INSTALLATIONMANUAL.pdf,FLAGSHIP_HEATPUMPS_4SHP14-4SHP15LE_INSTALLATIONMANUAL.pdf,21-Jun-2023,18:12:35
200,https://pascalliedcdnep.azureedge.net/airease/AirEase_BCE_Product_Brochure.pdf,AirEase_BCE_Product_Brochure.pdf,21-Jun-2023,18:12:36
200,https://pascalliedcdnep.azureedge.net/airease/AirEase_BCE_Product_Brochure.pdf,AirEase_BCE_Product_Brochure.pdf,21-Jun-2023,18:12:37
200,https://s7d2.scene7.com/is/content/AlliedAirEnterprises/Allied%20Connect%20-%20Extra/8060_2_AAER_Consumer_Brochure_AirEase_R4_03-FA_LR.pdf,8060_2_AAER_Consumer_Brochure_AirEase_R4_03-FA_LR.pdf,21-Jun-2023,18:12:37
200,https://pascalliedcdnep.azureedge.net/airease/AirEase_J4PGE13_Brochure.pdf,AirEase_J4PGE13_Brochure.pdf,21-Jun-2023,18:12:37
200,https://s7d2.scene7.com/is/content/AlliedAirEnterprises/AIREASE_GASFURNACE_A931E-A951E-A962E-A962V-A97MV_CONSUMERBROCHURE.pdf,AIREASE_GASFURNACE_A931E-A951E-A962E-A962V-A97MV_CONSUMERBROCHURE.pdf,21-Jun-2023,18:12:38
200,https://s7d2.scene7.com/is/content/AlliedAirEnterprises/AIREASE_GASFURNACE_A931E-A951E-A962E-A962V-A97MV_CONSUMERBROCHURE.pdf,AIREASE_GASFURNACE_A931E-A951E-A962E-A962V-A97MV_CONSUMERBROCHURE.pdf,21-Jun-2023,18:12:38
200,https://s7d2.scene7.com/is/content/AlliedAirEnterprises/1%20-%20Document%20Updates/FLAGSHIP_GASFURNACES_A962E-DOWNFLOW_INSTALLATIONMANUAL.pdf,FLAGSHIP_GASFURNACES_A962E-DOWNFLOW_INSTALLATIONMANUAL.pdf,21-Jun-2023,18:12:40
200,https://s7d2.scene7.com/is/content/AlliedAirEnterprises/1%20-%20Document%20Updates/RESI_AIRHANDLERS_BCE5C-OMNIGUARD_INSTALLATIONMANUAL.pdf,RESI_AIRHANDLERS_BCE5C-OMNIGUARD_INSTALLATIONMANUAL.pdf,21-Jun-2023,18:12:40
200,https://s7d2.scene7.com/is/content/AlliedAirEnterprises/Product%20Materials%20Library/Installation%20%26%20Service%20Manuals/Air%20Conditioners%20%26%20Heat%20Pumps/FLAGSHIP_HEATPUMPS_4SHP16LS-4SHP18LS-2014_INSTALLATIONMANUAL.pdf,FLAGSHIP_HEATPUMPS_4SHP16LS-4SHP18LS-2014_INSTALLATIONMANUAL.pdf,21-Jun-2023,18:12:40
200,https://s7d2.scene7.com/is/content/AlliedAirEnterprises/1%20-%20Document%20Updates/FLAGSHIP_THERMOSTAT_COMFORTSYNC-A3_INSTALLATIONMANUAL.pdf,FLAGSHIP_THERMOSTAT_COMFORTSYNC-A3_INSTALLATIONMANUAL.pdf,21-Jun-2023,18:12:40
200,https://s7d2.scene7.com/is/content/AlliedAirEnterprises/1%20-%20Document%20Updates/FLAGSHIP_AIRCONDITIONERS_4SCU13LB-4SCU13LE-4SCU14LB-4SCU14LE-4SCU16LE_INSTALLATIONMANUAL.pdf,FLAGSHIP_AIRCONDITIONERS_4SCU13LB-4SCU13LE-4SCU14LB-4SCU14LE-4SCU16LE_INSTALLATIONMANUAL.pdf,21-Jun-2023,18:12:40
200,https://s7d2.scene7.com/is/content/AlliedAirEnterprises/1%20-%20Document%20Updates/RESI_GASFURNACES_A96DF1E-DOWNFLOW_INSTALLATIONMANUAL.pdf,RESI_GASFURNACES_A96DF1E-DOWNFLOW_INSTALLATIONMANUAL.pdf,21-Jun-2023,18:12:40
200,https://s7d2.scene7.com/is/content/AlliedAirEnterprises/1%20-%20Document%20Updates/RESI_COILS_EC4X-EC1P-EU1P-EUL1P-EM1P-EH1P-ED1P_INSTALLATIONMANUALpdf.pdf,RESI_COILS_EC4X-EC1P-EU1P-EUL1P-EM1P-EH1P-ED1P_INSTALLATIONMANUALpdf.pdf,21-Jun-2023,18:12:41
200,https://pascalliedcdnep.azureedge.net/airease/VALUE_AIRCONDITIONERS_4AC13-4AC14-4AC16L_INSTALLATIONMANUAL.pdf,VALUE_AIRCONDITIONERS_4AC13-4AC14-4AC16L_INSTALLATIONMANUAL.pdf,21-Jun-2023,18:12:41
200,https://s7d2.scene7.com/is/content/AlliedAirEnterprises/Product%20Materials%20Library/Installation%20%26%20Service%20Manuals/Gas%20Furnaces/RESI_GASFURNACES_A801A-80G1-DOWNFLOW32010_INSTALLATIONMANUALpdf.pdf,RESI_GASFURNACES_A801A-80G1-DOWNFLOW32010_INSTALLATIONMANUALpdf.pdf,21-Jun-2023,18:12:42
404,https://pascalliedcdnep.azureedge.net/airease/Armstrong_4AC13L_Product_Brochure.pdf,Armstrong_4AC13L_Product_Brochure.pdf,21-Jun-2023,18:12:42
200,https://pascalliedcdnep.azureedge.net/airease/AirEase_JRPCE13_Brochure.pdf,AirEase_JRPCE13_Brochure.pdf,21-Jun-2023,18:12:43
200,https://s7d2.scene7.com/is/content/AlliedAirEnterprises/AIREASE_GASFURNACES_A801E-A802V_CONSUMERBROCHURE.pdf,AIREASE_GASFURNACES_A801E-A802V_CONSUMERBROCHURE.pdf,21-Jun-2023,18:12:43
200,https://s7d2.scene7.com/is/content/AlliedAirEnterprises/Product%20Materials%20Library/Marketing%20Materials%20%26%20Photos/Armstrong%20Air/Oil%20Furnaces/ARMSTRONGAIR_OILFURNACES_L83UFV-L83HFV-RV-L83BFV-RV_CONSUMERBROCHURE.pdf,ARMSTRONGAIR_OILFURNACES_L83UFV-L83HFV-RV-L83BFV-RV_CONSUMERBROCHURE.pdf,21-Jun-2023,18:12:44
200,https://pascalliedcdnep.azureedge.net/airease/AirEase_13ACD_Install.pdf,AirEase_13ACD_Install.pdf,21-Jun-2023,18:12:44
200,https://s7d2.scene7.com/is/content/AlliedAirEnterprises/Allied%20Connect%20-%20Extra/8060_2_AAER_Consumer_Brochure_AirEase_R4_03-FA_LR.pdf,8060_2_AAER_Consumer_Brochure_AirEase_R4_03-FA_LR.pdf,21-Jun-2023,18:12:44
200,https://pascalliedcdnep.azureedge.net/airease/AirEase_A96MV_Downflow_Install.pdf,AirEase_A96MV_Downflow_Install.pdf,21-Jun-2023,18:12:45
200,https://s7d2.scene7.com/is/content/AlliedAirEnterprises/1%20-%20Document%20Updates/RESI_GASFURNACES_A801D-80G1-UPFLOW_INSTALLATIONMANUALpdf.pdf,RESI_GASFURNACES_A801D-80G1-UPFLOW_INSTALLATIONMANUALpdf.pdf,21-Jun-2023,18:12:45
200,https://s7d2.scene7.com/is/content/AlliedAirEnterprises/AIREASE_GASFURNACE_A931E-A951E-A962E-A962V-A97MV_CONSUMERBROCHURE.pdf,AIREASE_GASFURNACE_A931E-A951E-A962E-A962V-A97MV_CONSUMERBROCHURE.pdf,21-Jun-2023,18:12:45
200,https://s7d2.scene7.com/is/content/AlliedAirEnterprises/Product%20Materials%20Library/Marketing%20Materials%20%26%20Photos/Armstrong%20Air/Oil%20Furnaces/ARMSTRONGAIR_OILFURNACES_L83UFV-L83HFV-RV-L83BFV-RV_CONSUMERBROCHURE.pdf,ARMSTRONGAIR_OILFURNACES_L83UFV-L83HFV-RV-L83BFV-RV_CONSUMERBROCHURE.pdf,21-Jun-2023,18:12:45
200,https://pascalliedcdnep.azureedge.net/airease/AirEase_A952SV_Downflow_Install.pdf,AirEase_A952SV_Downflow_Install.pdf,21-Jun-2023,18:12:45
200,https://pascalliedcdnep.azureedge.net/airease/AirEase_4PGE13E_4PGE15E_Install.pdf,AirEase_4PGE13E_4PGE15E_Install.pdf,21-Jun-2023,18:12:46
200,https://pascalliedcdnep.azureedge.net/airease/AirEase_JRPHP13_Brochure.pdf,AirEase_JRPHP13_Brochure.pdf,21-Jun-2023,18:12:46
200,https://pascalliedcdnep.azureedge.net/airease/AirEase_4SCU18LT_Install.pdf,AirEase_4SCU18LT_Install.pdf,21-Jun-2023,18:12:46
200,https://pascalliedcdnep.azureedge.net/airease/AirEase_4PCE13E_4PCE15E_Install.pdf,AirEase_4PCE13E_4PCE15E_Install.pdf,21-Jun-2023,18:12:46
200,https://s7d2.scene7.com/is/content/AlliedAirEnterprises/1%20-%20Document%20Updates/FLAGSHIP_HEATPUMPS_4SHP14-4SHP15LE_INSTALLATIONMANUAL.pdf,FLAGSHIP_HEATPUMPS_4SHP14-4SHP15LE_INSTALLATIONMANUAL.pdf,21-Jun-2023,18:12:47
200,https://s7d2.scene7.com/is/content/AlliedAirEnterprises/1%20-%20Document%20Updates/RESI_GASFURNACES_A951A-A951S-92G1-95G1-A931A-DOWNFLOW_INSTALLATIONMANUAL.pdf,RESI_GASFURNACES_A951A-A951S-92G1-95G1-A931A-DOWNFLOW_INSTALLATIONMANUAL.pdf,21-Jun-2023,18:12:47
200,https://s7d2.scene7.com/is/content/AlliedAirEnterprises/Product%20Materials%20Library/Marketing%20Materials%20%26%20Photos/Air%20Ease/Oil%20Furnaces/AIREASE_OILFURNACES_L85BFV-RV-UFV_CONSUMERBROCHURE.pdf,AIREASE_OILFURNACES_L85BFV-RV-UFV_CONSUMERBROCHURE.pdf,21-Jun-2023,18:12:48
200,https://s7d2.scene7.com/is/content/AlliedAirEnterprises/Allied%20Connect%20-%20Extra/8060_2_AAER_Consumer_Brochure_AirEase_R4_03-FA_LR.pdf,8060_2_AAER_Consumer_Brochure_AirEase_R4_03-FA_LR.pdf,21-Jun-2023,18:12:49
200,https://s7d2.scene7.com/is/content/AlliedAirEnterprises/1%20-%20Document%20Updates/RESI_GASFURNACES_A801E-80G1E-UPFLOW_INSTALLATIONMANUAL.pdf,RESI_GASFURNACES_A801E-80G1E-UPFLOW_INSTALLATIONMANUAL.pdf,21-Jun-2023,18:12:49
200,https://s7d2.scene7.com/is/content/AlliedAirEnterprises/AIREASE_GASFURNACE_A931E-A951E-A962E-A962V-A97MV_CONSUMERBROCHURE.pdf,AIREASE_GASFURNACE_A931E-A951E-A962E-A962V-A97MV_CONSUMERBROCHURE.pdf,21-Jun-2023,18:12:49
200,https://pascalliedcdnep.azureedge.net/airease/AirEase_J4PHP13_Brochure.pdf,AirEase_J4PHP13_Brochure.pdf,21-Jun-2023,18:12:49
200,https://pascalliedcdnep.azureedge.net/airease/AirEase_J4PHP15_Brochure.pdf,AirEase_J4PHP15_Brochure.pdf,21-Jun-2023,18:12:50
200,https://pascalliedcdnep.azureedge.net/airease/AirEase_J4SHP13LE_Brochure.pdf,AirEase_J4SHP13LE_Brochure.pdf,21-Jun-2023,18:12:50
200,https://s7d2.scene7.com/is/content/AlliedAirEnterprises/Product%20Materials%20Library/Installation%20%26%20Service%20Manuals/Air%20Conditioners%20%26%20Heat%20Pumps/FLAGSHIP_HEATPUMPS_4SHP16LS-4SHP18LS-2014_INSTALLATIONMANUAL.pdf,FLAGSHIP_HEATPUMPS_4SHP16LS-4SHP18LS-2014_INSTALLATIONMANUAL.pdf,21-Jun-2023,18:12:50
200,https://pascalliedcdnep.azureedge.net/airease/RESI_GASFURNACES_A952V-95G2V-UPFLOW_INSTALLATIONMANUAL.pdf,RESI_GASFURNACES_A952V-95G2V-UPFLOW_INSTALLATIONMANUAL.pdf,21-Jun-2023,18:12:50
200,https://pascalliedcdnep.azureedge.net/airease/AirEase_J4PCE13_Brochure.pdf,AirEase_J4PCE13_Brochure.pdf,21-Jun-2023,18:12:51
200,https://s7d2.scene7.com/is/content/AlliedAirEnterprises/Product%20Materials%20Library/Marketing%20Materials%20%26%20Photos/Air%20Ease/Gas%20Furnaces/AIREASE_GASFURNACES_A97MV-A962V-A962E-A961E-A931E_CONSUMERBROCHURE.pdf,AIREASE_GASFURNACES_A97MV-A962V-A962E-A961E-A931E_CONSUMERBROCHURE.pdf,21-Jun-2023,18:12:51
200,https://s7d2.scene7.com/is/content/AlliedAirEnterprises/1%20-%20Document%20Updates/FLAGSHIP_AIRCONDITIONERS_4SCU13LB-4SCU13LE-4SCU14LB-4SCU14LE-4SCU16LE_INSTALLATIONMANUAL.pdf,FLAGSHIP_AIRCONDITIONERS_4SCU13LB-4SCU13LE-4SCU14LB-4SCU14LE-4SCU16LE_INSTALLATIONMANUAL.pdf,21-Jun-2023,18:12:51
200,https://s7d2.scene7.com/is/content/AlliedAirEnterprises/1%20-%20Document%20Updates/RESI_AIRHANDLERS_BCE5E-OMNIGUARD_INSTALLATIONMANUAL.pdf,RESI_AIRHANDLERS_BCE5E-OMNIGUARD_INSTALLATIONMANUAL.pdf,21-Jun-2023,18:12:51
200,https://s7d2.scene7.com/is/content/AlliedAirEnterprises/AIREASE_GASFURNACE_A931E-A951E-A962E-A962V-A97MV_CONSUMERBROCHURE.pdf,AIREASE_GASFURNACE_A931E-A951E-A962E-A962V-A97MV_CONSUMERBROCHURE.pdf,21-Jun-2023,18:12:51
200,https://pascalliedcdnep.azureedge.net/airease/AirEase_BCE4S_Product_Brochure.pdf,AirEase_BCE4S_Product_Brochure.pdf,21-Jun-2023,18:12:51
200,https://s7d2.scene7.com/is/content/AlliedAirEnterprises/Product%20Materials%20Library/Marketing%20Materials%20%26%20Photos/Armstrong%20Air/Oil%20Furnaces/ARMSTRONGAIR_OILFURNACES_L83UFV-L83HFV-RV-L83BFV-RV_CONSUMERBROCHURE.pdf,ARMSTRONGAIR_OILFURNACES_L83UFV-L83HFV-RV-L83BFV-RV_CONSUMERBROCHURE.pdf,21-Jun-2023,18:12:51
200,https://s7d2.scene7.com/is/content/AlliedAirEnterprises/1%20-%20Document%20Updates/FLAGSHIP_GASFURNACES_A962V-UPFLOW_INSTALLATIONMANUAL.pdf,FLAGSHIP_GASFURNACES_A962V-UPFLOW_INSTALLATIONMANUAL.pdf,21-Jun-2023,18:12:51
200,https://s7d2.scene7.com/is/content/AlliedAirEnterprises/1%20-%20Document%20Updates/RESI_GASFURNACES_A801E-80G1E-DOWNFLOW_INSTALLATIONMANUAL.pdf,RESI_GASFURNACES_A801E-80G1E-DOWNFLOW_INSTALLATIONMANUAL.pdf,21-Jun-2023,18:12:52
404,https://s7d2.scene7.com/is/content/AlliedAirEnterprises/Product%20Materials%20Library/Marketing%20Materials%20%26%20Photos/Air%20Ease/Packaged%20Units/AIREASE_PACKAGEDUNITS_PRPAC14-PRPHP14-PRPGE14-PRPDF14-PRPGE16-PRPDF16-PRPAC16-PRPHP16-FER_CONSUMERBROCHURE.pdf,AIREASE_PACKAGEDUNITS_PRPAC14-PRPHP14-PRPGE14-PRPDF14-PRPGE16-PRPDF16-PRPAC16-PRPHP16-FER_CONSUMERBROCHURE.pdf,21-Jun-2023,18:12:52
200,https://pascalliedcdnep.azureedge.net/airease/AirEase_JBCS2V_Brochure.pdf,AirEase_JBCS2V_Brochure.pdf,21-Jun-2023,18:12:53
200,https://pascalliedcdnep.azureedge.net/airease/AirEase_BCE_Product_Brochure.pdf,AirEase_BCE_Product_Brochure.pdf,21-Jun-2023,18:12:54
200,https://s7d2.scene7.com/is/content/AlliedAirEnterprises/1%20-%20Document%20Updates/RESI_GASFURNACES_A951A-A951S-92G1-95G1-A931A-DOWNFLOW_INSTALLATIONMANUAL.pdf,RESI_GASFURNACES_A951A-A951S-92G1-95G1-A931A-DOWNFLOW_INSTALLATIONMANUAL.pdf,21-Jun-2023,18:12:55
200,https://pascalliedcdnep.azureedge.net/airease/AirEase_EFC-Tech_Spec.pdf,AirEase_EFC-Tech_Spec.pdf,21-Jun-2023,18:12:55
200,https://s7d2.scene7.com/is/content/AlliedAirEnterprises/Product%20Materials%20Library/Marketing%20Materials%20%26%20Photos/Air%20Ease/Air%20Conditioners%20%26%20Heat%20Pumps/AIREASE_HEATPUMPS_4SHP13LB_CONSUMERBROCHURE.pdf,AIREASE_HEATPUMPS_4SHP13LB_CONSUMERBROCHURE.pdf,21-Jun-2023,18:12:56
200,https://pascalliedcdnep.azureedge.net/airease/AirEase_JA952V_Brochure.pdf,AirEase_JA952V_Brochure.pdf,21-Jun-2023,18:12:56
200,https://s7d2.scene7.com/is/content/AlliedAirEnterprises/AIREASE_GASFURNACE_A931E-A951E-A962E-A962V-A97MV_CONSUMERBROCHURE.pdf,AIREASE_GASFURNACE_A931E-A951E-A962E-A962V-A97MV_CONSUMERBROCHURE.pdf,21-Jun-2023,18:12:57
200,https://pascalliedcdnep.azureedge.net/airease/506257-01%20issue%201330.pdf,506257-01%20issue%201330.pdf,21-Jun-2023,18:12:57
200,https://pascalliedcdnep.azureedge.net/airease/4SCU16LE(WALDO)_100_12_17.pdf,4SCU16LE(WALDO)_100_12_17.pdf,21-Jun-2023,18:12:57
200,https://s7d2.scene7.com/is/content/AlliedAirEnterprises/1%20-%20Document%20Updates/FLAGSHIP_THERMOSTAT_COMFORTSYNC-A3_INSTALLATIONMANUAL.pdf,FLAGSHIP_THERMOSTAT_COMFORTSYNC-A3_INSTALLATIONMANUAL.pdf,21-Jun-2023,18:12:57
200,https://pascalliedcdnep.azureedge.net/airease/VALUE_AIRCONDITIONERS_4AC13-4AC14-4AC16L_INSTALLATIONMANUAL.pdf,VALUE_AIRCONDITIONERS_4AC13-4AC14-4AC16L_INSTALLATIONMANUAL.pdf,21-Jun-2023,18:12:57
200,https://pascalliedcdnep.azureedge.net/airease/AirEase_J4SCU16LT_Brochure.pdf,AirEase_J4SCU16LT_Brochure.pdf,21-Jun-2023,18:12:58
200,https://s7d2.scene7.com/is/content/AlliedAirEnterprises/1%20-%20Document%20Updates/RESI_GASFURNACES_A951A-A951S-92G1-95G1-A931A-UPFLOW_INSTALLATIONMANUAL.pdf,RESI_GASFURNACES_A951A-A951S-92G1-95G1-A931A-UPFLOW_INSTALLATIONMANUAL.pdf,21-Jun-2023,18:12:59
200,https://pascalliedcdnep.azureedge.net/airease/AirEase_BCE3E_Tech_Spec.pdf,AirEase_BCE3E_Tech_Spec.pdf,21-Jun-2023,18:12:59
200,https://pascalliedcdnep.azureedge.net/airease/RESI_AIRHANDLERS_BCE3MC-BCS3MC_INSTALLATIONMANUAL.pdf,RESI_AIRHANDLERS_BCE3MC-BCS3MC_INSTALLATIONMANUAL.pdf,21-Jun-2023,18:13:00
200,https://s7d2.scene7.com/is/content/AlliedAirEnterprises/1%20-%20Document%20Updates/RESI_PACKAGEDUNITS_PRPDF14-PRDF14_INSTALLATIONMANUAL.pdf,RESI_PACKAGEDUNITS_PRPDF14-PRDF14_INSTALLATIONMANUAL.pdf,21-Jun-2023,18:13:01
200,https://s7d2.scene7.com/is/content/AlliedAirEnterprises/AIREASE_GASFURNACE_A931E-A951E-A962E-A962V-A97MV_CONSUMERBROCHURE.pdf,AIREASE_GASFURNACE_A931E-A951E-A962E-A962V-A97MV_CONSUMERBROCHURE.pdf,21-Jun-2023,18:13:01
200,https://pascalliedcdnep.azureedge.net/airease/AirEase_J4SCU18LS_Brochure.pdf,AirEase_J4SCU18LS_Brochure.pdf,21-Jun-2023,18:13:01
200,https://s7d2.scene7.com/is/content/AlliedAirEnterprises/Product%20Materials%20Library/Marketing%20Materials%20%26%20Photos/Air%20Ease/Oil%20Furnaces/AIREASE_OILFURNACES_L85BFV-RV-UFV_CONSUMERBROCHURE.pdf,AIREASE_OILFURNACES_L85BFV-RV-UFV_CONSUMERBROCHURE.pdf,21-Jun-2023,18:13:01
200,https://pascalliedcdnep.azureedge.net/airease/AirEase_BCE3V_Tech_Spec.pdf,AirEase_BCE3V_Tech_Spec.pdf,21-Jun-2023,18:13:02
200,https://s7d2.scene7.com/is/content/AlliedAirEnterprises/Product%20Materials%20Library/Marketing%20Materials%20%26%20Photos/Air%20Ease/Oil%20Furnaces/AIREASE_OILFURNACES_L83UFV-L83HFV-L83BFV_PRODUCTBROCHURE.pdf,AIREASE_OILFURNACES_L83UFV-L83HFV-L83BFV_PRODUCTBROCHURE.pdf,21-Jun-2023,18:13:03
200,https://pascalliedcdnep.azureedge.net/airease/AirEase_J4SHP18LT_Brochure.pdf,AirEase_J4SHP18LT_Brochure.pdf,21-Jun-2023,18:13:03
200,https://s7d2.scene7.com/is/content/AlliedAirEnterprises/AIREASE_GASFURNACE_A931E-A951E-A962E-A962V-A97MV_CONSUMERBROCHURE.pdf,AIREASE_GASFURNACE_A931E-A951E-A962E-A962V-A97MV_CONSUMERBROCHURE.pdf,21-Jun-2023,18:13:03
200,https://s7d2.scene7.com/is/content/AlliedAirEnterprises/AIREASE_HEATPUMPS_4SHP14LB-4SHP15LE-4SHP16LE-4SHP16LS-4SHP20LX_CONSUMERBROCHURE.pdf,AIREASE_HEATPUMPS_4SHP14LB-4SHP15LE-4SHP16LE-4SHP16LS-4SHP20LX_CONSUMERBROCHURE.pdf,21-Jun-2023,18:13:03
200,https://pascalliedcdnep.azureedge.net/airease/AirEase_4PCE13E_Tech_Spec.pdf,AirEase_4PCE13E_Tech_Spec.pdf,21-Jun-2023,18:13:03
200,https://s7d2.scene7.com/is/content/AlliedAirEnterprises/Product%20Materials%20Library/Marketing%20Materials%20%26%20Photos/Air%20Ease/Oil%20Furnaces/AIREASE_OILFURNACES_L83UFV-L83HFV-L83BFV_PRODUCTBROCHURE.pdf,AIREASE_OILFURNACES_L83UFV-L83HFV-L83BFV_PRODUCTBROCHURE.pdf,21-Jun-2023,18:13:04
200,https://pascalliedcdnep.azureedge.net/airease/AirEase_BCE4S_Tech_Spec.pdf,AirEase_BCE4S_Tech_Spec.pdf,21-Jun-2023,18:13:04
200,https://pascalliedcdnep.azureedge.net/airease/AirEase_4SHP16LT_Install.pdf,AirEase_4SHP16LT_Install.pdf,21-Jun-2023,18:13:04
200,https://s7d2.scene7.com/is/content/AlliedAirEnterprises/1%20-%20Document%20Updates/RESI_AIRHANDLERS_BCE5V-OMNIGUARD_INSTALLATIONMANUAL.pdf,RESI_AIRHANDLERS_BCE5V-OMNIGUARD_INSTALLATIONMANUAL.pdf,21-Jun-2023,18:13:04
200,https://pascalliedcdnep.azureedge.net/airease/AirEase_A952V_Tech_Spec.pdf,AirEase_A952V_Tech_Spec.pdf,21-Jun-2023,18:13:06
200,https://s7d2.scene7.com/is/content/AlliedAirEnterprises/Product%20Materials%20Library/Spec%20Sheets/Packaged%20Units/FLAGSHIP_PACKAGEDUNITS_PRPGE16_SEER2_INSTALLATIONMANUAL.pdf,FLAGSHIP_PACKAGEDUNITS_PRPGE16_SEER2_INSTALLATIONMANUAL.pdf,21-Jun-2023,18:13:07
200,https://s7d2.scene7.com/is/content/AlliedAirEnterprises/1%20-%20Document%20Updates/RESI_COILS_EC4X-EC1P-EU1P-EUL1P-EM1P-EH1P-ED1P_INSTALLATIONMANUALpdf.pdf,RESI_COILS_EC4X-EC1P-EU1P-EUL1P-EM1P-EH1P-ED1P_INSTALLATIONMANUALpdf.pdf,21-Jun-2023,18:13:07
200,https://s7d2.scene7.com/is/content/AlliedAirEnterprises/AIREASE_PROSERIES_AIRCONDITIONER_SALESBROCHURE.pdf,AIREASE_PROSERIES_AIRCONDITIONER_SALESBROCHURE.pdf,21-Jun-2023,18:13:07
200,https://pascalliedcdnep.azureedge.net/airease/AirEase_4PHP13E_Tech_Spec.pdf,AirEase_4PHP13E_Tech_Spec.pdf,21-Jun-2023,18:13:07
200,https://s7d2.scene7.com/is/content/AlliedAirEnterprises/AIREASE_AIRCONDITIONERS_13ACD_CONSUMERBROCHUREpdf,AIREASE_AIRCONDITIONERS_13ACD_CONSUMERBROCHUREpdf,21-Jun-2023,18:13:07
200,https://pascalliedcdnep.azureedge.net/airease/AirEase_4HP13L_Tech_Spec.pdf,AirEase_4HP13L_Tech_Spec.pdf,21-Jun-2023,18:13:08
200,https://s7d2.scene7.com/is/content/AlliedAirEnterprises/1%20-%20Document%20Updates/FLAGSHIP_GASFURNACES_A802V_SPECSHEET.pdf,FLAGSHIP_GASFURNACES_A802V_SPECSHEET.pdf,21-Jun-2023,18:13:08
200,https://s7d2.scene7.com/is/content/AlliedAirEnterprises/AIREASE_PROSERIES_AIRCONDITIONER_SALESBROCHURE.pdf,AIREASE_PROSERIES_AIRCONDITIONER_SALESBROCHURE.pdf,21-Jun-2023,18:13:09
200,https://s7d2.scene7.com/is/content/AlliedAirEnterprises/Product%20Materials%20Library/Spec%20Sheets/Gas%20Furnaces/FLAGSHIP_GASFURNACES_A951A-A951S_SPECSHEET.pdf,FLAGSHIP_GASFURNACES_A951A-A951S_SPECSHEET.pdf,21-Jun-2023,18:13:10
200,https://pascalliedcdnep.azureedge.net/airease/AirEase_J4PCE15_Brochure.pdf,AirEase_J4PCE15_Brochure.pdf,21-Jun-2023,18:13:10
200,https://pascalliedcdnep.azureedge.net/airease/AirEase_J4SCU18LT_Brochure.pdf,AirEase_J4SCU18LT_Brochure.pdf,21-Jun-2023,18:13:11
200,https://s7d2.scene7.com/is/content/AlliedAirEnterprises/Product%20Materials%20Library/Marketing%20Materials%20%26%20Photos/Air%20Ease/Air%20Conditioners%20%26%20Heat%20Pumps/AIREASE_AIRCONDITIONERS_4SCU13LE-4SCU13LB-4SCU14LB-4SCU16LE-4SCU16LS-4SCU20LX-OMNIGUARD_CONSUMERBROCHURE.pdf,AIREASE_AIRCONDITIONERS_4SCU13LE-4SCU13LB-4SCU14LB-4SCU16LE-4SCU16LS-4SCU20LX-OMNIGUARD_CONSUMERBROCHURE.pdf,21-Jun-2023,18:13:11
200,https://s7d2.scene7.com/is/content/AlliedAirEnterprises/1%20-%20Document%20Updates/RESI_GASFURNACES_A951A-A951S-92G1-95G1-A931A-UPFLOW_INSTALLATIONMANUAL.pdf,RESI_GASFURNACES_A951A-A951S-92G1-95G1-A931A-UPFLOW_INSTALLATIONMANUAL.pdf,21-Jun-2023,18:13:11
200,https://pascalliedcdnep.azureedge.net/airease/AirEase_4PCE15E_Tech_Spec.pdf,AirEase_4PCE15E_Tech_Spec.pdf,21-Jun-2023,18:13:11
200,https://s7d2.scene7.com/is/content/AlliedAirEnterprises/Product%20Materials%20Library/Spec%20Sheets/Gas%20Furnaces/FLAGSHIP_GASFURNACES_A951A-A951S_SPECSHEET.pdf,FLAGSHIP_GASFURNACES_A951A-A951S_SPECSHEET.pdf,21-Jun-2023,18:13:12
200,https://pascalliedcdnep.azureedge.net/airease/AirEase_4PGE13E_Tech_Spec.pdf,AirEase_4PGE13E_Tech_Spec.pdf,21-Jun-2023,18:13:12
200,https://s7d2.scene7.com/is/content/AlliedAirEnterprises/Product%20Materials%20Library/Spec%20Sheets/Packaged%20Units/RESI_PACKAGEDUNITS_PRGE14-PRPGE14_SEER2_INSTALLATIONMANUAL.pdf,RESI_PACKAGEDUNITS_PRGE14-PRPGE14_SEER2_INSTALLATIONMANUAL.pdf,21-Jun-2023,18:13:13
200,https://s7d2.scene7.com/is/content/AlliedAirEnterprises/Product%20Materials%20Library/Spec%20Sheets/Gas%20Furnaces/FLAGSHIP_GASFURNACES_A801A-062014_SPECSHEETpdf.pdf,FLAGSHIP_GASFURNACES_A801A-062014_SPECSHEETpdf.pdf,21-Jun-2023,18:13:13
200,https://s7d2.scene7.com/is/content/AlliedAirEnterprises/AIREASE_GASFURNACE_A931E-A951E-A962E-A962V-A97MV_CONSUMERBROCHURE.pdf,AIREASE_GASFURNACE_A931E-A951E-A962E-A962V-A97MV_CONSUMERBROCHURE.pdf,21-Jun-2023,18:13:13
200,https://s7d2.scene7.com/is/content/AlliedAirEnterprises/Product%20Materials%20Library/Spec%20Sheets/Gas%20Furnaces/FLAGSHIP_GASFURNACES_A931A_SPECSHEET.pdf,FLAGSHIP_GASFURNACES_A931A_SPECSHEET.pdf,21-Jun-2023,18:13:13
200,https://s7d2.scene7.com/is/content/AlliedAirEnterprises/AIREASE_MINISPLITS_4DHP2-4DHV2-DWM2-DWH2_CONSUMERBROCHURE.pdf,AIREASE_MINISPLITS_4DHP2-4DHV2-DWM2-DWH2_CONSUMERBROCHURE.pdf,21-Jun-2023,18:13:13
200,https://pascalliedcdnep.azureedge.net/airease/AirEase_BCS2S-100_Tech_Spec.pdf,AirEase_BCS2S-100_Tech_Spec.pdf,21-Jun-2023,18:13:14
200,https://s7d2.scene7.com/is/content/AlliedAirEnterprises/Product%20Materials%20Library/Spec%20Sheets/Gas%20Furnaces/FLAGSHIP_GASFURNACES_A801E_SPECSHEET.pdf,FLAGSHIP_GASFURNACES_A801E_SPECSHEET.pdf,21-Jun-2023,18:13:14
200,https://s7d2.scene7.com/is/content/AlliedAirEnterprises/AIREASE_PROSERIES_AIRCONDITIONER_SALESBROCHURE.pdf,AIREASE_PROSERIES_AIRCONDITIONER_SALESBROCHURE.pdf,21-Jun-2023,18:13:14
200,https://s7d2.scene7.com/is/content/AlliedAirEnterprises/AIREASE_HEATPUMPS_4SHP14LB-4SHP15LE-4SHP16LE-4SHP16LS-4SHP20LX_CONSUMERBROCHURE.pdf,AIREASE_HEATPUMPS_4SHP14LB-4SHP15LE-4SHP16LE-4SHP16LS-4SHP20LX_CONSUMERBROCHURE.pdf,21-Jun-2023,18:13:15
200,https://pascalliedcdnep.azureedge.net/airease/AirEase_13HPD_Install.pdf,AirEase_13HPD_Install.pdf,21-Jun-2023,18:13:15
200,https://s7d2.scene7.com/is/content/AlliedAirEnterprises/Product%20Materials%20Library/Spec%20Sheets/Packaged%20Units/RESI_PACKAGEDUNITS_PRPAC14-PRPHP14-PRAC14-PRHP14_SEER2_INSTALLATIONMANUAL.pdf,RESI_PACKAGEDUNITS_PRPAC14-PRPHP14-PRAC14-PRHP14_SEER2_INSTALLATIONMANUAL.pdf,21-Jun-2023,18:13:15
200,https://pascalliedcdnep.azureedge.net/airease/AirEase_4PHP15E_Tech_Spec.pdf,AirEase_4PHP15E_Tech_Spec.pdf,21-Jun-2023,18:13:15
200,https://pascalliedcdnep.azureedge.net/airease/AirEase_4PGE15E_Tech_Spec.pdf,AirEase_4PGE15E_Tech_Spec.pdf,21-Jun-2023,18:13:15
200,https://pascalliedcdnep.azureedge.net/airease/Airease_BCE3C_Tech_Spec.pdf,Airease_BCE3C_Tech_Spec.pdf,21-Jun-2023,18:13:16
200,https://pascalliedcdnep.azureedge.net/airease/AirEase_BCS2S_Product_Brochure.pdf,AirEase_BCS2S_Product_Brochure.pdf,21-Jun-2023,18:13:16
200,https://s7d2.scene7.com/is/content/AlliedAirEnterprises/1%20-%20Document%20Updates/FLAGSHIP_GASFURNACES_A931E_SPECSHEET.pdf,FLAGSHIP_GASFURNACES_A931E_SPECSHEET.pdf,21-Jun-2023,18:13:16
200,https://s7d2.scene7.com/is/content/AlliedAirEnterprises/FLAGSHIP_GASFURNACES_A97MV_SPECSHEETpdf,FLAGSHIP_GASFURNACES_A97MV_SPECSHEETpdf,21-Jun-2023,18:13:16
200,https://s7d2.scene7.com/is/content/AlliedAirEnterprises/Product%20Materials%20Library/Spec%20Sheets/Gas%20Furnaces/FLAGSHIP_GASFURNACES_A962E_SPECSHEET.pdf,FLAGSHIP_GASFURNACES_A962E_SPECSHEET.pdf,21-Jun-2023,18:13:17
200,https://s7d2.scene7.com/is/content/AlliedAirEnterprises/1%20-%20Document%20Updates/RESI_GASFURNACES_A951E-95G1E-UPFLOW_INSTALLATIONMANUAL.pdf,RESI_GASFURNACES_A951E-95G1E-UPFLOW_INSTALLATIONMANUAL.pdf,21-Jun-2023,18:13:18
200,https://s7d2.scene7.com/is/content/AlliedAirEnterprises/Product%20Materials%20Library/Marketing%20Materials%20%26%20Photos/Air%20Ease/Air%20Handlers/AIREASE_AIRHANDLERS_BCE5-BCE7-OMNIGUARD_CONSUMERBROCHURE.pdf,AIREASE_AIRHANDLERS_BCE5-BCE7-OMNIGUARD_CONSUMERBROCHURE.pdf,21-Jun-2023,18:13:18
200,https://s7d2.scene7.com/is/content/AlliedAirEnterprises/1%20-%20Document%20Updates/FLAGSHIP_OILFURNACES_AL83-L83_SPECSHEET.pdf,FLAGSHIP_OILFURNACES_AL83-L83_SPECSHEET.pdf,21-Jun-2023,18:13:18
200,https://s7d2.scene7.com/is/content/AlliedAirEnterprises/1%20-%20Document%20Updates/RESI_OILFURNACES_L83HFV-L83HRV-L85BFV-L85RV-L85UFV_SPECSHEET.pdf,RESI_OILFURNACES_L83HFV-L83HRV-L85BFV-L85RV-L85UFV_SPECSHEET.pdf,21-Jun-2023,18:13:18
200,https://s7d2.scene7.com/is/content/AlliedAirEnterprises/Product%20Materials%20Library/Spec%20Sheets/Oil%20Furnaces/VALUE_OILFURNACES_L83UF-L83HF-L83BF-L83BR-L83HR_SPECSHEET.pdf,VALUE_OILFURNACES_L83UF-L83HF-L83BF-L83BR-L83HR_SPECSHEET.pdf,21-Jun-2023,18:13:19
200,https://s7d2.scene7.com/is/content/AlliedAirEnterprises/Product%20Materials%20Library/Spec%20Sheets/Air%20Conditioners/FLAGSHIP_AIRCONDITIONERS_4SCU14LB_SPECSHEET.pdf,FLAGSHIP_AIRCONDITIONERS_4SCU14LB_SPECSHEET.pdf,21-Jun-2023,18:13:19
200,https://s7d2.scene7.com/is/content/AlliedAirEnterprises/AIREASE_PROSERIES_AIRCONDITIONER_SALESBROCHURE.pdf,AIREASE_PROSERIES_AIRCONDITIONER_SALESBROCHURE.pdf,21-Jun-2023,18:13:19
200,https://s7d2.scene7.com/is/content/AlliedAirEnterprises/Product%20Materials%20Library/Spec%20Sheets/Gas%20Furnaces/FLAGSHIP_GASFURNACES_A951E_SPECSHEET.pdf,FLAGSHIP_GASFURNACES_A951E_SPECSHEET.pdf,21-Jun-2023,18:13:19
200,https://s7d2.scene7.com/is/content/AlliedAirEnterprises/1%20-%20Document%20Updates/FLAGSHIP_GASFURNACES_A802V-UPFLOW_INSTALLATIONMANUAL.pdf,FLAGSHIP_GASFURNACES_A802V-UPFLOW_INSTALLATIONMANUAL.pdf,21-Jun-2023,18:13:20
200,https://s7d2.scene7.com/is/content/AlliedAirEnterprises/1%20-%20Document%20Updates/RESI_OILFURNACES_L83HFV-L83HRV-L85BFV-L85RV-L85UFV_SPECSHEET.pdf,RESI_OILFURNACES_L83HFV-L83HRV-L85BFV-L85RV-L85UFV_SPECSHEET.pdf,21-Jun-2023,18:13:21
200,https://s7d2.scene7.com/is/content/AlliedAirEnterprises/1%20-%20Document%20Updates/FLAGSHIP_AIRCONDITIONERS_4SCU16LE-OMNIGUARD_SPECSHEET.pdf,FLAGSHIP_AIRCONDITIONERS_4SCU16LE-OMNIGUARD_SPECSHEET.pdf,21-Jun-2023,18:13:21
200,https://s7d2.scene7.com/is/content/AlliedAirEnterprises/Product%20Materials%20Library/Spec%20Sheets/Heat%20Pumps/FLAGSHIP_HEATPUMPS_4SHP17LE_SPECSHEET-OMNIGUARD.pdf,FLAGSHIP_HEATPUMPS_4SHP17LE_SPECSHEET-OMNIGUARD.pdf,21-Jun-2023,18:13:21
200,https://s7d2.scene7.com/is/content/AlliedAirEnterprises/1%20-%20Document%20Updates/FLAGSHIP_OILFURNACES_AL83-L83_SPECSHEET.pdf,FLAGSHIP_OILFURNACES_AL83-L83_SPECSHEET.pdf,21-Jun-2023,18:13:21
200,https://s7d2.scene7.com/is/content/AlliedAirEnterprises/Product%20Materials%20Library/Spec%20Sheets/Oil%20Furnaces/VALUE_OILFURNACES_L83UF-L83HF-L83BF-L83BR-L83HR_SPECSHEET.pdf,VALUE_OILFURNACES_L83UF-L83HF-L83BF-L83BR-L83HR_SPECSHEET.pdf,21-Jun-2023,18:13:22
200,https://s7d2.scene7.com/is/content/AlliedAirEnterprises/1%20-%20Document%20Updates/FLAGSHIP_AIRCONDITIONERS_4SCU16LS_SPECSHEET.pdf,FLAGSHIP_AIRCONDITIONERS_4SCU16LS_SPECSHEET.pdf,21-Jun-2023,18:13:22
200,https://s7d2.scene7.com/is/content/AlliedAirEnterprises/Product%20Materials%20Library/Spec%20Sheets/Gas%20Furnaces/FLAGSHIP_GASFURNACES_A961E_SPECSHEET.pdf,FLAGSHIP_GASFURNACES_A961E_SPECSHEET.pdf,21-Jun-2023,18:13:22
200,https://s7d2.scene7.com/is/content/AlliedAirEnterprises/1%20-%20Document%20Updates/FLAGSHIP_AIRCONDITIONERS_4SCU13LE_SPECSHEET.pdf,FLAGSHIP_AIRCONDITIONERS_4SCU13LE_SPECSHEET.pdf,21-Jun-2023,18:13:22
200,https://s7d2.scene7.com/is/content/AlliedAirEnterprises/1%20-%20Document%20Updates/FLAGSHIP_HEATPUMPS_4SHP14-4SHP15LE_INSTALLATIONMANUAL.pdf,FLAGSHIP_HEATPUMPS_4SHP14-4SHP15LE_INSTALLATIONMANUAL.pdf,21-Jun-2023,18:13:23
200,https://pascalliedcdnep.azureedge.net/airease/AirEase_J13HPD_Brochure.pdf,AirEase_J13HPD_Brochure.pdf,21-Jun-2023,18:13:23
200,https://s7d2.scene7.com/is/content/AlliedAirEnterprises/Product%20Materials%20Library/Spec%20Sheets/Heat%20Pumps/FLAGSHIP_HEATPUMPS_4SHP18LX_SPECSHEET.pdf,FLAGSHIP_HEATPUMPS_4SHP18LX_SPECSHEET.pdf,21-Jun-2023,18:13:24
200,https://s7d2.scene7.com/is/content/AlliedAirEnterprises/1%20-%20Document%20Updates/FLAGSHIP_GASFURNACES_A97MV-UPFLOW_INSTALLATIONMANUAL.pdf,FLAGSHIP_GASFURNACES_A97MV-UPFLOW_INSTALLATIONMANUAL.pdf,21-Jun-2023,18:13:24
200,https://s7d2.scene7.com/is/content/AlliedAirEnterprises/1%20-%20Document%20Updates/FLAGSHIP_OILFURNACES_AL83-L83_SPECSHEET.pdf,FLAGSHIP_OILFURNACES_AL83-L83_SPECSHEET.pdf,21-Jun-2023,18:13:24
200,https://s7d2.scene7.com/is/content/AlliedAirEnterprises/Product%20Materials%20Library/Installation%20%26%20Service%20Manuals/Air%20Conditioners%20%26%20Heat%20Pumps/FLAGSHIP_HEATPUMPS_4SHP16LS-4SHP18LS-2014_INSTALLATIONMANUAL.pdf,FLAGSHIP_HEATPUMPS_4SHP16LS-4SHP18LS-2014_INSTALLATIONMANUAL.pdf,21-Jun-2023,18:13:24
200,https://s7d2.scene7.com/is/content/AlliedAirEnterprises/Product%20Materials%20Library/Spec%20Sheets/Gas%20Furnaces/FLAGSHIP_GASFURNACES_A802E_SPECSHEET.pdf,FLAGSHIP_GASFURNACES_A802E_SPECSHEET.pdf,21-Jun-2023,18:13:25
200,https://s7d2.scene7.com/is/content/AlliedAirEnterprises/Product%20Materials%20Library/Spec%20Sheets/Packaged%20Units/FLAGSHIP_PACKAGEDUNITS_PRPDF14_SPECSHEET.pdf,FLAGSHIP_PACKAGEDUNITS_PRPDF14_SPECSHEET.pdf,21-Jun-2023,18:13:25
200,https://s7d2.scene7.com/is/content/AlliedAirEnterprises/Product%20Materials%20Library/Installation%20%26%20Service%20Manuals/Air%20Conditioners%20%26%20Heat%20Pumps/FLAGSHIP_AIRCONDITIONERS-HEATPUMPS_4SCU20LX-4SHP20LX_SERVICEMANUAL.pdf,FLAGSHIP_AIRCONDITIONERS-HEATPUMPS_4SCU20LX-4SHP20LX_SERVICEMANUAL.pdf,21-Jun-2023,18:13:25
200,https://s7d2.scene7.com/is/content/AlliedAirEnterprises/1%20-%20Document%20Updates/RESI_GASFURNACES_A931E-92G1E-UPFLOW_INSTALLATIONMANUAL.pdf,RESI_GASFURNACES_A931E-92G1E-UPFLOW_INSTALLATIONMANUAL.pdf,21-Jun-2023,18:13:25
200,https://s7d2.scene7.com/is/content/AlliedAirEnterprises/1%20-%20Document%20Updates/RESI_GASFURNACES_A951E-95G1E-DOWNFLOW_INSTALLATIONMANUAL.pdf,RESI_GASFURNACES_A951E-95G1E-DOWNFLOW_INSTALLATIONMANUAL.pdf,21-Jun-2023,18:13:26
200,https://s7d2.scene7.com/is/content/AlliedAirEnterprises/1%20-%20Document%20Updates/RESI_AIRHANDLERS_BCE5C-OMNIGUARD_SPECSHEET.pdf,RESI_AIRHANDLERS_BCE5C-OMNIGUARD_SPECSHEET.pdf,21-Jun-2023,18:13:26
200,https://s7d2.scene7.com/is/content/AlliedAirEnterprises/Product%20Materials%20Library/Spec%20Sheets/Oil%20Furnaces/VALUE_OILFURNACES_L83UF-L83HF-L83BF-L83BR-L83HR_SPECSHEET.pdf,VALUE_OILFURNACES_L83UF-L83HF-L83BF-L83BR-L83HR_SPECSHEET.pdf,21-Jun-2023,18:13:26
200,https://s7d2.scene7.com/is/content/AlliedAirEnterprises/Product%20Materials%20Library/Spec%20Sheets/Air%20Conditioners/RESI_AIRCONDITIONERS_4SCU17LE_SPECSHEET.pdf,RESI_AIRCONDITIONERS_4SCU17LE_SPECSHEET.pdf,21-Jun-2023,18:13:27
200,https://s7d2.scene7.com/is/content/AlliedAirEnterprises/Product%20Materials%20Library/Spec%20Sheets/RESI_ELECTRICFURNACES_EFV-EFC_SPECSHEET.pdf,RESI_ELECTRICFURNACES_EFV-EFC_SPECSHEET.pdf,21-Jun-2023,18:13:27
200,https://s7d2.scene7.com/is/content/AlliedAirEnterprises/Product%20Materials%20Library/Installation%20%26%20Service%20Manuals/Air%20Conditioners%20%26%20Heat%20Pumps/FLAGSHIP_HEATPUMPS_4SHP16LS-4SHP18LS-2014_INSTALLATIONMANUAL.pdf,FLAGSHIP_HEATPUMPS_4SHP16LS-4SHP18LS-2014_INSTALLATIONMANUAL.pdf,21-Jun-2023,18:13:27
200,https://s7d2.scene7.com/is/content/AlliedAirEnterprises/1%20-%20Document%20Updates/FLAGSHIP_GASFURNACES_A802V-DOWNFLOW_INSTALLATIONMANUAL.pdf,FLAGSHIP_GASFURNACES_A802V-DOWNFLOW_INSTALLATIONMANUAL.pdf,21-Jun-2023,18:13:27
200,https://s7d2.scene7.com/is/content/AlliedAirEnterprises/Product%20Materials%20Library/Installation%20%26%20Service%20Manuals/Air%20Conditioners%20%26%20Heat%20Pumps/FLAGSHIP_AIRCONDITIONERS-HEATPUMPS_4SCU20LX-4SHP20LX_SERVICEMANUAL.pdf,FLAGSHIP_AIRCONDITIONERS-HEATPUMPS_4SCU20LX-4SHP20LX_SERVICEMANUAL.pdf,21-Jun-2023,18:13:28
200,https://s7d2.scene7.com/is/content/AlliedAirEnterprises/Product%20Materials%20Library/Spec%20Sheets/Air%20Conditioners/FLAGSHIP_AIRCONDITIONERS_4SCU23LX_SPECSHEET.pdf,FLAGSHIP_AIRCONDITIONERS_4SCU23LX_SPECSHEET.pdf,21-Jun-2023,18:13:28
200,https://s7d2.scene7.com/is/content/AlliedAirEnterprises/Product%20Materials%20Library/Spec%20Sheets/Packaged%20Units/RESI_PACKAGEDUNITS_PRPGE14-FER_SEER2_SPECSHEET.pdf,RESI_PACKAGEDUNITS_PRPGE14-FER_SEER2_SPECSHEET.pdf,21-Jun-2023,18:13:28
200,https://s7d2.scene7.com/is/content/AlliedAirEnterprises/Product%20Materials%20Library/Spec%20Sheets/Gas%20Furnaces/FLAGSHIP_GASFURNACES_A962V_SPECSHEET.pdf,FLAGSHIP_GASFURNACES_A962V_SPECSHEET.pdf,21-Jun-2023,18:13:29
200,https://s7d2.scene7.com/is/content/AlliedAirEnterprises/Product%20Materials%20Library/Spec%20Sheets/Coils/RESI_COILS_EC4X-EC1P-EU1P-EUL1P-EM1P-EH1P-ED1P_SPECSHEET.pdf,RESI_COILS_EC4X-EC1P-EU1P-EUL1P-EM1P-EH1P-ED1P_SPECSHEET.pdf,21-Jun-2023,18:13:30
200,https://s7d2.scene7.com/is/content/AlliedAirEnterprises/1%20-%20Document%20Updates/RESI_COILS_EAC1P-EAC4X-EAH1P-EAU1P-ED1P_SPECSHEET.pdf,RESI_COILS_EAC1P-EAC4X-EAH1P-EAU1P-ED1P_SPECSHEET.pdf,21-Jun-2023,18:13:30
200,https://pascalliedcdnep.azureedge.net/airease/AirEase_4AC13L_Tech_Spec.pdf,AirEase_4AC13L_Tech_Spec.pdf,21-Jun-2023,18:13:30
200,https://s7d2.scene7.com/is/content/AlliedAirEnterprises/1%20-%20Document%20Updates/RESI_COILS_EAC1P-EAC4X-EAH1P-EAU1P-ED1P_SPECSHEET.pdf,RESI_COILS_EAC1P-EAC4X-EAH1P-EAU1P-ED1P_SPECSHEET.pdf,21-Jun-2023,18:13:30
200,https://s7d2.scene7.com/is/content/AlliedAirEnterprises/Product%20Materials%20Library/Spec%20Sheets/Packaged%20Units/FLAGSHIP_PACKAGEDUNITS_PRPAC16-FER_SEER2_SPECSHEET.pdf,FLAGSHIP_PACKAGEDUNITS_PRPAC16-FER_SEER2_SPECSHEET.pdf,21-Jun-2023,18:13:30
200,https://s7d2.scene7.com/is/content/AlliedAirEnterprises/1%20-%20Document%20Updates/RESI_AIRHANDLERS_BCE5V-OMNIGUARD_SPECSHEET.pdf,RESI_AIRHANDLERS_BCE5V-OMNIGUARD_SPECSHEET.pdf,21-Jun-2023,18:13:30
404,https://s7d2.scene7.com/is/content/AlliedAirEnterprises/FLAGSHIP_PACKAGEDUNITS_RPHP13_SPECSHEETpdf%20%20OptionsAttachments,FLAGSHIP_PACKAGEDUNITS_RPHP13_SPECSHEETpdf%20%20OptionsAttachments,21-Jun-2023,18:13:31
200,https://pascalliedcdnep.azureedge.net/airease/AirEase_4SHP16LT_Tech_Spec.pdf,AirEase_4SHP16LT_Tech_Spec.pdf,21-Jun-2023,18:13:31
200,https://s7d2.scene7.com/is/content/AlliedAirEnterprises/1%20-%20Document%20Updates/RESI_AIRHANDLERS_BCE5E-OMNIGUARD_SPECSHEET.pdf,RESI_AIRHANDLERS_BCE5E-OMNIGUARD_SPECSHEET.pdf,21-Jun-2023,18:13:31
200,https://s7d2.scene7.com/is/content/AlliedAirEnterprises/Product%20Materials%20Library/Spec%20Sheets/Packaged%20Units/FLAGSHIP_PACKAGEDUNITS_PRPHP16-FER_SEER2_SPECSHEET.pdf,FLAGSHIP_PACKAGEDUNITS_PRPHP16-FER_SEER2_SPECSHEET.pdf,21-Jun-2023,18:13:31
200,https://s7d2.scene7.com/is/content/AlliedAirEnterprises/Product%20Materials%20Library/Spec%20Sheets/Coils/RESI_COILS_EC4X-EC1P-EU1P-EUL1P-EM1P-EH1P-ED1P_SPECSHEET.pdf,RESI_COILS_EC4X-EC1P-EU1P-EUL1P-EM1P-EH1P-ED1P_SPECSHEET.pdf,21-Jun-2023,18:13:32
200,https://s7d2.scene7.com/is/content/AlliedAirEnterprises/1%20-%20Document%20Updates/FLAGSHIP_AIRCONDITIONERS_4SCU13LB_SPECSHEET.pdf,FLAGSHIP_AIRCONDITIONERS_4SCU13LB_SPECSHEET.pdf,21-Jun-2023,18:13:32
200,https://s7d2.scene7.com/is/content/AlliedAirEnterprises/1%20-%20Document%20Updates/FLAGSHIP_HEATPUMPS_4SHP14LB-OMNIGUARD_SPECSHEET.pdf,FLAGSHIP_HEATPUMPS_4SHP14LB-OMNIGUARD_SPECSHEET.pdf,21-Jun-2023,18:13:32
200,https://s7d2.scene7.com/is/content/AlliedAirEnterprises/1%20-%20Document%20Updates/RESI_COILS_EAC1P-EAC4X-EAH1P-EAU1P-ED1P_SPECSHEET.pdf,RESI_COILS_EAC1P-EAC4X-EAH1P-EAU1P-ED1P_SPECSHEET.pdf,21-Jun-2023,18:13:32
200,https://pascalliedcdnep.azureedge.net/airease/AirEase_A96MV_Tech_Spec.pdf,AirEase_A96MV_Tech_Spec.pdf,21-Jun-2023,18:13:33
200,https://pascalliedcdnep.azureedge.net/airease/506550-01%20A96UHMV%20Issue%201230.pdf,506550-01%20A96UHMV%20Issue%201230.pdf,21-Jun-2023,18:13:33
200,https://s7d2.scene7.com/is/content/AlliedAirEnterprises/Product%20Materials%20Library/Spec%20Sheets/Heat%20Pumps/FLAGSHIP_HEATPUMPS_4SHP18LX_SPECSHEET.pdf,FLAGSHIP_HEATPUMPS_4SHP18LX_SPECSHEET.pdf,21-Jun-2023,18:13:33
200,https://pascalliedcdnep.azureedge.net/airease/AirEase_4SCU18LT_Tech_Spec.pdf,AirEase_4SCU18LT_Tech_Spec.pdf,21-Jun-2023,18:13:34
200,https://s7d2.scene7.com/is/content/AlliedAirEnterprises/1%20-%20Document%20Updates/FLAGSHIP_HEATPUMPS_4SHP16LS_SPECSHEET.pdf,FLAGSHIP_HEATPUMPS_4SHP16LS_SPECSHEET.pdf,21-Jun-2023,18:13:34
200,https://s7d2.scene7.com/is/content/AlliedAirEnterprises/Product%20Materials%20Library/Spec%20Sheets/Coils/RESI_COILS_EC4X-EC1P-EU1P-EUL1P-EM1P-EH1P-ED1P_SPECSHEET.pdf,RESI_COILS_EC4X-EC1P-EU1P-EUL1P-EM1P-EH1P-ED1P_SPECSHEET.pdf,21-Jun-2023,18:13:34
200,https://s7d2.scene7.com/is/content/AlliedAirEnterprises/Product%20Materials%20Library/Spec%20Sheets/Coils/RESI_COILS_EC4X-EC1P-EU1P-EUL1P-EM1P-EH1P-ED1P_SPECSHEET.pdf,RESI_COILS_EC4X-EC1P-EU1P-EUL1P-EM1P-EH1P-ED1P_SPECSHEET.pdf,21-Jun-2023,18:13:34
200,https://s7d2.scene7.com/is/content/AlliedAirEnterprises/FLAGSHIP_HEATPUMPS_4SHP16LE_SPECSHEET-OMNIGUARDpdf,FLAGSHIP_HEATPUMPS_4SHP16LE_SPECSHEET-OMNIGUARDpdf,21-Jun-2023,18:13:34
200,https://s7d2.scene7.com/is/content/AlliedAirEnterprises/Product%20Materials%20Library/Spec%20Sheets/Coils/RESI_COILS_EC4X-EC1P-EU1P-EUL1P-EM1P-EH1P-ED1P_SPECSHEET.pdf,RESI_COILS_EC4X-EC1P-EU1P-EUL1P-EM1P-EH1P-ED1P_SPECSHEET.pdf,21-Jun-2023,18:13:35
200,https://s7d2.scene7.com/is/content/AlliedAirEnterprises/1%20-%20Document%20Updates/FLAGSHIP_HEATPUMPS_4SHP15LE-OMNIGUARD_SPECSHEET.pdf,FLAGSHIP_HEATPUMPS_4SHP15LE-OMNIGUARD_SPECSHEET.pdf,21-Jun-2023,18:13:35
200,https://pascalliedcdnep.azureedge.net/airease/4SHP15LE(WALDO)-100_12_17.pdf,4SHP15LE(WALDO)-100_12_17.pdf,21-Jun-2023,18:13:36
200,https://s7d2.scene7.com/is/content/AlliedAirEnterprises/FLAGSHIP_PACKAGEDUNITS_RPCE13_SPECSHEETpdf,FLAGSHIP_PACKAGEDUNITS_RPCE13_SPECSHEETpdf,21-Jun-2023,18:13:36
200,https://s7d2.scene7.com/is/content/AlliedAirEnterprises/1%20-%20Document%20Updates/FLAGSHIP_AIRCONDITIONERS_4SCU20LX_SPECSHEET.pdf,FLAGSHIP_AIRCONDITIONERS_4SCU20LX_SPECSHEET.pdf,21-Jun-2023,18:13:36
200,https://pascalliedcdnep.azureedge.net/airease/AirEase_BCS2S-100_Tech_Spec.pdf,AirEase_BCS2S-100_Tech_Spec.pdf,21-Jun-2023,18:13:36
200,https://pascalliedcdnep.azureedge.net/airease/AirEase_4SHP14LB_Tech_Spec.pdf,AirEase_4SHP14LB_Tech_Spec.pdf,21-Jun-2023,18:13:37
200,https://s7d2.scene7.com/is/content/AlliedAirEnterprises/1%20-%20Document%20Updates/FLAGSHIP_HEATPUMPS_4SHP20LX_SPECSHEET.pdf,FLAGSHIP_HEATPUMPS_4SHP20LX_SPECSHEET.pdf,21-Jun-2023,18:13:37
200,https://pascalliedcdnep.azureedge.net/airease/AirEase_J4SHP16LT_Brochure.pdf,AirEase_J4SHP16LT_Brochure.pdf,21-Jun-2023,18:13:37
200,https://s7d2.scene7.com/is/content/AlliedAirEnterprises/1%20-%20Document%20Updates/RESI_COILS_EAC1P-EAC4X-EAH1P-EAU1P-ED1P_SPECSHEET.pdf,RESI_COILS_EAC1P-EAC4X-EAH1P-EAU1P-ED1P_SPECSHEET.pdf,21-Jun-2023,18:13:37
200,https://s7d2.scene7.com/is/content/AlliedAirEnterprises/FLAGSHIP_PACKAGEDUNITS_RPGE13_SPECSHEETpdf,FLAGSHIP_PACKAGEDUNITS_RPGE13_SPECSHEETpdf,21-Jun-2023,18:13:38
200,https://s7d2.scene7.com/is/content/AlliedAirEnterprises/Product%20Materials%20Library/Spec%20Sheets/Packaged%20Units/RESI_PACKAGEDUNITS_PRPAC14-FER_SPECSHEET.pdf,RESI_PACKAGEDUNITS_PRPAC14-FER_SPECSHEET.pdf,21-Jun-2023,18:13:39
200,https://s7d2.scene7.com/is/content/AlliedAirEnterprises/Product%20Materials%20Library/Marketing%20Materials%20%26%20Photos/Air%20Ease/Air%20Handlers/AIREASE_AIRHANDLERS_BCE5-BCE7-OMNIGUARD_CONSUMERBROCHURE.pdf,AIREASE_AIRHANDLERS_BCE5-BCE7-OMNIGUARD_CONSUMERBROCHURE.pdf,21-Jun-2023,18:13:39
200,https://pascalliedcdnep.azureedge.net/airease/AirEase_J4HP13L_Brochure.pdf,AirEase_J4HP13L_Brochure.pdf,21-Jun-2023,18:13:40
200,https://pascalliedcdnep.azureedge.net/airease/AirEase_4PGE13E_4PGE15E_Install.pdf,AirEase_4PGE13E_4PGE15E_Install.pdf,21-Jun-2023,18:13:40
200,https://s7d2.scene7.com/is/content/AlliedAirEnterprises/Product%20Materials%20Library/Spec%20Sheets/Coils/RESI_COILS_EC4X-EC1P-EU1P-EUL1P-EM1P-EH1P-ED1P_SPECSHEET.pdf,RESI_COILS_EC4X-EC1P-EU1P-EUL1P-EM1P-EH1P-ED1P_SPECSHEET.pdf,21-Jun-2023,18:13:40
200,https://s7d2.scene7.com/is/content/AlliedAirEnterprises/1%20-%20Document%20Updates/RESI_GASFURNACES_A951A-A951S-92G1-95G1-A931A-UPFLOW_INSTALLATIONMANUAL.pdf,RESI_GASFURNACES_A951A-A951S-92G1-95G1-A931A-UPFLOW_INSTALLATIONMANUAL.pdf,21-Jun-2023,18:13:40
200,https://s7d2.scene7.com/is/content/AlliedAirEnterprises/Product%20Materials%20Library/Marketing%20Materials%20%26%20Photos/Air%20Ease/Packaged%20Units/AIREASE_PACKAGEDUNITS_PRPAC14-PRPHP14-PRPGE14-PRPGE16-PRPDF16-PRPAC16-PRPHP16-FER_CONSUMERBROCHURE.pdf,AIREASE_PACKAGEDUNITS_PRPAC14-PRPHP14-PRPGE14-PRPGE16-PRPDF16-PRPAC16-PRPHP16-FER_CONSUMERBROCHURE.pdf,21-Jun-2023,18:13:40
200,https://s7d2.scene7.com/is/content/AlliedAirEnterprises/Product%20Materials%20Library/Spec%20Sheets/Packaged%20Units/RESI_PACKAGEDUNITS_PRPHP14-FER_SEER2_SPECSHEET.pdf,RESI_PACKAGEDUNITS_PRPHP14-FER_SEER2_SPECSHEET.pdf,21-Jun-2023,18:13:40
200,https://pascalliedcdnep.azureedge.net/airease/AirEase_4SCU18LT_Tech_Spec.pdf,AirEase_4SCU18LT_Tech_Spec.pdf,21-Jun-2023,18:13:41
200,https://s7d2.scene7.com/is/content/AlliedAirEnterprises/1%20-%20Document%20Updates/FLAGSHIP_AIRHANDLERS_BCE7S-OMNIGUARD_SPECSHEET.pdf,FLAGSHIP_AIRHANDLERS_BCE7S-OMNIGUARD_SPECSHEET.pdf,21-Jun-2023,18:13:41
200,https://pascalliedcdnep.azureedge.net/airease/AirEase_13ACD_Tech_Spec.pdf,AirEase_13ACD_Tech_Spec.pdf,21-Jun-2023,18:13:42
200,https://pascalliedcdnep.azureedge.net/airease/AirEase_JRPGE13_Brochure.pdf,AirEase_JRPGE13_Brochure.pdf,21-Jun-2023,18:13:43
200,https://s7d2.scene7.com/is/content/AlliedAirEnterprises/Product%20Materials%20Library/Spec%20Sheets/Coils/RESI_COILS_EC4X-EC1P-EU1P-EUL1P-EM1P-EH1P-ED1P_SPECSHEET.pdf,RESI_COILS_EC4X-EC1P-EU1P-EUL1P-EM1P-EH1P-ED1P_SPECSHEET.pdf,21-Jun-2023,18:13:43
200,https://s7d2.scene7.com/is/content/AlliedAirEnterprises/AIREASE_PROSERIES_HEATPUMP_SALESBROCHURE.pdf,AIREASE_PROSERIES_HEATPUMP_SALESBROCHURE.pdf,21-Jun-2023,18:13:43
200,https://pascalliedcdnep.azureedge.net/airease/506550-01%20A96UHMV%20Issue%201230.pdf,506550-01%20A96UHMV%20Issue%201230.pdf,21-Jun-2023,18:13:44
200,https://s7d2.scene7.com/is/content/AlliedAirEnterprises/Product%20Materials%20Library/Spec%20Sheets/Heat%20Pumps/FLAGSHIP_HEATPUMPS_4SHP22LX_SPECSHEET.pdf,FLAGSHIP_HEATPUMPS_4SHP22LX_SPECSHEET.pdf,21-Jun-2023,18:13:44
200,https://s7d2.scene7.com/is/content/AlliedAirEnterprises/Product%20Materials%20Library/Marketing%20Materials%20%26%20Photos/Air%20Ease/Oil%20Furnaces/AIREASE_OILFURNACES_L83UFV-L83HFV-L83BFV_PRODUCTBROCHURE.pdf,AIREASE_OILFURNACES_L83UFV-L83HFV-L83BFV_PRODUCTBROCHURE.pdf,21-Jun-2023,18:13:44
200,https://s7d2.scene7.com/is/content/AlliedAirEnterprises/Product%20Materials%20Library/Marketing%20Materials%20%26%20Photos/AIREASE_AIRCONDITIONERS_4SCU13LE-4SCU13LB-4SCU14LB-4SCU16LE-4SCU16LS-4SCU20LX_CONSUMERBROCHURE.pdf,AIREASE_AIRCONDITIONERS_4SCU13LE-4SCU13LB-4SCU14LB-4SCU16LE-4SCU16LS-4SCU20LX_CONSUMERBROCHURE.pdf,21-Jun-2023,18:13:44
200,https://pascalliedcdnep.azureedge.net/airease/AirEase_BCS2S-100_Tech_Spec.pdf,AirEase_BCS2S-100_Tech_Spec.pdf,21-Jun-2023,18:13:44
200,https://pascalliedcdnep.azureedge.net/airease/506257-01%20issue%201330.pdf,506257-01%20issue%201330.pdf,21-Jun-2023,18:13:44
200,https://s7d2.scene7.com/is/content/AlliedAirEnterprises/AIREASE_HEATPUMPS_4SHP14LB-4SHP15LE-4SHP16LE-4SHP16LS-4SHP20LX_CONSUMERBROCHURE.pdf,AIREASE_HEATPUMPS_4SHP14LB-4SHP15LE-4SHP16LE-4SHP16LS-4SHP20LX_CONSUMERBROCHURE.pdf,21-Jun-2023,18:13:45
200,https://s7d2.scene7.com/is/content/AlliedAirEnterprises/Product%20Materials%20Library/Marketing%20Materials%20%26%20Photos/Air%20Ease/Air%20Handlers/AIREASE_AIRHANDLERS_BCE5-BCE7-OMNIGUARD_CONSUMERBROCHURE.pdf,AIREASE_AIRHANDLERS_BCE5-BCE7-OMNIGUARD_CONSUMERBROCHURE.pdf,21-Jun-2023,18:13:45
200,https://s7d2.scene7.com/is/content/AlliedAirEnterprises/Product%20Materials%20Library/Marketing%20Materials%20%26%20Photos/AIREASE_AIRCONDITIONERS_4SCU13LE-4SCU13LB-4SCU14LB-4SCU16LE-4SCU16LS-4SCU20LX_CONSUMERBROCHURE.pdf,AIREASE_AIRCONDITIONERS_4SCU13LE-4SCU13LB-4SCU14LB-4SCU16LE-4SCU16LS-4SCU20LX_CONSUMERBROCHURE.pdf,21-Jun-2023,18:13:45
200,https://s7d2.scene7.com/is/content/AlliedAirEnterprises/Product%20Materials%20Library/Spec%20Sheets/Packaged%20Units/RESI_PACKAGEDUNITS_PRPAC16-PRPHP16_SEER2_INSTALLATIONMANUAL.pdf,RESI_PACKAGEDUNITS_PRPAC16-PRPHP16_SEER2_INSTALLATIONMANUAL.pdf,21-Jun-2023,18:13:46
200,https://pascalliedcdnep.azureedge.net/airease/AirEase_J4SCU14LE_Brochure.pdf,AirEase_J4SCU14LE_Brochure.pdf,21-Jun-2023,18:13:47
200,https://s7d2.scene7.com/is/content/AlliedAirEnterprises/Product%20Materials%20Library/Marketing%20Materials%20%26%20Photos/AIREASE_AIRCONDITIONERS_4SCU13LE-4SCU13LB-4SCU14LB-4SCU16LE-4SCU16LS-4SCU20LX_CONSUMERBROCHURE.pdf,AIREASE_AIRCONDITIONERS_4SCU13LE-4SCU13LB-4SCU14LB-4SCU16LE-4SCU16LS-4SCU20LX_CONSUMERBROCHURE.pdf,21-Jun-2023,18:13:47
200,https://s7d2.scene7.com/is/content/AlliedAirEnterprises/1%20-%20Document%20Updates/RESI_AIRHANDLERS_BCE7E_SPECSHEET-OMNIGUARD.pdf,RESI_AIRHANDLERS_BCE7E_SPECSHEET-OMNIGUARD.pdf,21-Jun-2023,18:13:47
200,https://s7d2.scene7.com/is/content/AlliedAirEnterprises/1%20-%20Document%20Updates/RESI_GASFURNACES_A931E-92G1E-DOWNFLOW_INSTALLATIONMANUAL.pdf,RESI_GASFURNACES_A931E-92G1E-DOWNFLOW_INSTALLATIONMANUAL.pdf,21-Jun-2023,18:13:48
200,https://s7d2.scene7.com/is/content/AlliedAirEnterprises/Product%20Materials%20Library/Spec%20Sheets/Packaged%20Units/FLAGSHIP_PACKAGEDUNITS_PRPGE16-FER_SEER2_SPECSHEET.pdf,FLAGSHIP_PACKAGEDUNITS_PRPGE16-FER_SEER2_SPECSHEET.pdf,21-Jun-2023,18:13:48
200,https://s7d2.scene7.com/is/content/AlliedAirEnterprises//FLAGSHIP_GASFURNACES_A972VX-UPFLOW_SERVICEMANUALpdf.pdf,FLAGSHIP_GASFURNACES_A972VX-UPFLOW_SERVICEMANUALpdf.pdf,21-Jun-2023,18:13:49
200,https://s7d2.scene7.com/is/content/AlliedAirEnterprises/Product%20Materials%20Library/Spec%20Sheets/Heat%20Pumps/FLAGSHIP_HEATPUMPS_4SHP13LB_SPECSHEET.pdf,FLAGSHIP_HEATPUMPS_4SHP13LB_SPECSHEET.pdf,21-Jun-2023,18:13:49
200,https://pascalliedcdnep.azureedge.net/airease/AirEase_4SHP13LE_Tech_Spec.pdf,AirEase_4SHP13LE_Tech_Spec.pdf,21-Jun-2023,18:13:50
200,https://s7d2.scene7.com/is/content/AlliedAirEnterprises/Product%20Materials%20Library/Spec%20Sheets/Packaged%20Units/FLAGSHIP_PACKAGEDUNITS_PRPDF16-FER_SEER2_SPECSHEET.pdf,FLAGSHIP_PACKAGEDUNITS_PRPDF16-FER_SEER2_SPECSHEET.pdf,21-Jun-2023,18:13:50
200,https://s7d2.scene7.com/is/content/AlliedAirEnterprises/1%20-%20Document%20Updates/FLAGSHIP_GASFURNACES_A962E-UPFLOW_INSTALLATIONMANUAL.pdf,FLAGSHIP_GASFURNACES_A962E-UPFLOW_INSTALLATIONMANUAL.pdf,21-Jun-2023,18:13:51
200,https://s7d2.scene7.com/is/content/AlliedAirEnterprises/AIREASE_HEATPUMPS_4SHP14LB-4SHP15LE-4SHP16LE-4SHP16LS-4SHP20LX_CONSUMERBROCHURE.pdf,AIREASE_HEATPUMPS_4SHP14LB-4SHP15LE-4SHP16LE-4SHP16LS-4SHP20LX_CONSUMERBROCHURE.pdf,21-Jun-2023,18:13:51
200,https://pascalliedcdnep.azureedge.net/airease/AirEase_4SCU18LS_Tech_Spec.pdf,AirEase_4SCU18LS_Tech_Spec.pdf,21-Jun-2023,18:13:52
200,https://pascalliedcdnep.azureedge.net/airease/AirEase_4SCU16LT_Tech_Spec.pdf,AirEase_4SCU16LT_Tech_Spec.pdf,21-Jun-2023,18:13:52
200,https://s7d2.scene7.com/is/content/AlliedAirEnterprises/Product%20Materials%20Library/Marketing%20Materials%20%26%20Photos/Air%20Ease/Air%20Handlers/AIREASE_AIRHANDLERS_BCE5-BCE7-OMNIGUARD_CONSUMERBROCHURE.pdf,AIREASE_AIRHANDLERS_BCE5-BCE7-OMNIGUARD_CONSUMERBROCHURE.pdf,21-Jun-2023,18:13:53
200,https://s7d2.scene7.com/is/content/AlliedAirEnterprises/Product%20Materials%20Library/Marketing%20Materials%20%26%20Photos/Air%20Ease/Packaged%20Units/AIREASE_PACKAGEDUNITS_PRPAC14-PRPHP14-PRPGE14-PRPGE16-PRPDF16-PRPAC16-PRPHP16-FER_CONSUMERBROCHURE.pdf,AIREASE_PACKAGEDUNITS_PRPAC14-PRPHP14-PRPGE14-PRPGE16-PRPDF16-PRPAC16-PRPHP16-FER_CONSUMERBROCHURE.pdf,21-Jun-2023,18:13:53
200,https://s7d2.scene7.com/is/content/AlliedAirEnterprises/Product%20Materials%20Library/Installation%20%26%20Service%20Manuals/Gas%20Furnaces/RESI_GASFURNACES_A802E-80G2E-UPFLOW_INSTALLATIONMANUAL.pdf,RESI_GASFURNACES_A802E-80G2E-UPFLOW_INSTALLATIONMANUAL.pdf,21-Jun-2023,18:13:54
200,https://s7d2.scene7.com/is/content/AlliedAirEnterprises/1%20-%20Document%20Updates/RESI_GASFURNACES_A96UH1E-UPFLOW_INSTALLATIONMANUAL.pdf,RESI_GASFURNACES_A96UH1E-UPFLOW_INSTALLATIONMANUAL.pdf,21-Jun-2023,18:13:54
200,https://s7d2.scene7.com/is/content/AlliedAirEnterprises/Product%20Materials%20Library/Marketing%20Materials%20%26%20Photos/Air%20Ease/Packaged%20Units/AIREASE_PACKAGEDUNITS_PRPAC14-PRPHP14-PRPGE14-PRPGE16-PRPDF16-PRPAC16-PRPHP16-FER_CONSUMERBROCHURE.pdf,AIREASE_PACKAGEDUNITS_PRPAC14-PRPHP14-PRPGE14-PRPGE16-PRPDF16-PRPAC16-PRPHP16-FER_CONSUMERBROCHURE.pdf,21-Jun-2023,18:13:55
200,https://s7d2.scene7.com/is/content/AlliedAirEnterprises/RESI_DUCTLESSMINISPLITS_4DHVS-DWH_SPECSHEETpdf,RESI_DUCTLESSMINISPLITS_4DHVS-DWH_SPECSHEETpdf,21-Jun-2023,18:13:55
200,https://s7d2.scene7.com/is/content/AlliedAirEnterprises/AIREASE_HEATPUMPS_4SHP14LB-4SHP15LE-4SHP16LE-4SHP16LS-4SHP20LX_CONSUMERBROCHURE.pdf,AIREASE_HEATPUMPS_4SHP14LB-4SHP15LE-4SHP16LE-4SHP16LS-4SHP20LX_CONSUMERBROCHURE.pdf,21-Jun-2023,18:13:56
200,https://s7d2.scene7.com/is/content/AlliedAirEnterprises/Product%20Materials%20Library/Marketing%20Materials%20%26%20Photos/Air%20Ease/Air%20Handlers/AIREASE_AIRHANDLERS_BCE5-BCE7-OMNIGUARD_CONSUMERBROCHURE.pdf,AIREASE_AIRHANDLERS_BCE5-BCE7-OMNIGUARD_CONSUMERBROCHURE.pdf,21-Jun-2023,18:13:58
200,https://s7d2.scene7.com/is/content/AlliedAirEnterprises/Product%20Materials%20Library/Spec%20Sheets/Packaged%20Units/RESI_PACKAGEDUNITS_PRPGN14_SEER2_SPECSHEET.pdf,RESI_PACKAGEDUNITS_PRPGN14_SEER2_SPECSHEET.pdf,21-Jun-2023,18:13:58
200,https://s7d2.scene7.com/is/content/AlliedAirEnterprises/AIREASE_PROSERIES_HEATPUMP_SALESBROCHURE.pdf,AIREASE_PROSERIES_HEATPUMP_SALESBROCHURE.pdf,21-Jun-2023,18:13:59
200,https://s7d2.scene7.com/is/content/AlliedAirEnterprises/1%20-%20Document%20Updates/FLAGSHIP_GASFURNACES_A962V-DOWNFLOW_INSTALLATIONMANUAL.pdf,FLAGSHIP_GASFURNACES_A962V-DOWNFLOW_INSTALLATIONMANUAL.pdf,21-Jun-2023,18:13:59
200,https://s7d2.scene7.com/is/content/AlliedAirEnterprises/Product%20Materials%20Library/Marketing%20Materials%20%26%20Photos/Air%20Ease/Packaged%20Units/AIREASE_PACKAGEDUNITS_PRPAC14-PRPHP14-PRPGE14-PRPGE16-PRPDF16-PRPAC16-PRPHP16-FER_CONSUMERBROCHURE.pdf,AIREASE_PACKAGEDUNITS_PRPAC14-PRPHP14-PRPGE14-PRPGE16-PRPDF16-PRPAC16-PRPHP16-FER_CONSUMERBROCHURE.pdf,21-Jun-2023,18:13:59
200,https://s7d2.scene7.com/is/content/AlliedAirEnterprises/Product%20Materials%20Library/Marketing%20Materials%20%26%20Photos/Air%20Ease/Packaged%20Units/AIREASE_PACKAGEDUNITS_PRPAC14-PRPHP14-PRPGE14-PRPGE16-PRPDF16-PRPAC16-PRPHP16-FER_CONSUMERBROCHURE.pdf,AIREASE_PACKAGEDUNITS_PRPAC14-PRPHP14-PRPGE14-PRPGE16-PRPDF16-PRPAC16-PRPHP16-FER_CONSUMERBROCHURE.pdf,21-Jun-2023,18:14:01
200,https://s7d2.scene7.com/is/content/AlliedAirEnterprises/1%20-%20Document%20Updates/FLAGSHIP_GASFURNACES_A97MV-DOWNFLOW_INSTALLATIONMANUAL.pdf,FLAGSHIP_GASFURNACES_A97MV-DOWNFLOW_INSTALLATIONMANUAL.pdf,21-Jun-2023,18:14:02
200,https://s7d2.scene7.com/is/content/AlliedAirEnterprises/RESI_DUCTLESSMINISPLITS_4DHP2S-DWM2-D22C-DMD-SINGLEZONE-2GEN_SPECSHEET.pdf,RESI_DUCTLESSMINISPLITS_4DHP2S-DWM2-D22C-DMD-SINGLEZONE-2GEN_SPECSHEET.pdf,21-Jun-2023,18:14:02
200,https://s7d2.scene7.com/is/content/AlliedAirEnterprises/1%20-%20Document%20Updates/VALUE_DUCTLESSMINISPLITS_4DHPS-DMD-D22C-D33C-DWM_SPECSHEET.pdf,VALUE_DUCTLESSMINISPLITS_4DHPS-DMD-D22C-D33C-DWM_SPECSHEET.pdf,21-Jun-2023,18:14:03
200,https://pascalliedcdnep.azureedge.net/airease/AirEase_13HPD_Tech_Spec.pdf,AirEase_13HPD_Tech_Spec.pdf,21-Jun-2023,18:14:03
200,https://s7d2.scene7.com/is/content/AlliedAirEnterprises/AIREASE_PROSERIES_HEATPUMP_SALESBROCHURE.pdf,AIREASE_PROSERIES_HEATPUMP_SALESBROCHURE.pdf,21-Jun-2023,18:14:03
200,https://s7d2.scene7.com/is/content/AlliedAirEnterprises/RESI_DUCTLESSMINISPLITS_4DHP2S-DWM2-D22C-DMD-MULTIZONE-2GEN_SPECSHEET.pdf,RESI_DUCTLESSMINISPLITS_4DHP2S-DWM2-D22C-DMD-MULTIZONE-2GEN_SPECSHEET.pdf,21-Jun-2023,18:14:04
200,https://pascalliedcdnep.azureedge.net/airease/AirEase_4SHP18LS_Tech_Spec.pdf,AirEase_4SHP18LS_Tech_Spec.pdf,21-Jun-2023,18:14:04
200,https://s7d2.scene7.com/is/content/AlliedAirEnterprises/1%20-%20Document%20Updates/RESI_DUCTLESSMINISPLITS_4DHPM-DMD-D22C-D33C-DWM-MULTIZONE_SPECSHEET.pdf,RESI_DUCTLESSMINISPLITS_4DHPM-DMD-D22C-D33C-DWM-MULTIZONE_SPECSHEET.pdf,21-Jun-2023,18:14:04
200,https://s7d2.scene7.com/is/content/AlliedAirEnterprises/Product%20Materials%20Library/Marketing%20Materials%20%26%20Photos/AIREASE_AIRCONDITIONERS_4SCU13LE-4SCU13LB-4SCU14LB-4SCU16LE-4SCU16LS-4SCU20LX_CONSUMERBROCHURE.pdf,AIREASE_AIRCONDITIONERS_4SCU13LE-4SCU13LB-4SCU14LB-4SCU16LE-4SCU16LS-4SCU20LX_CONSUMERBROCHURE.pdf,21-Jun-2023,18:14:04
200,https://s7d2.scene7.com/is/content/AlliedAirEnterprises/Product%20Materials%20Library/Marketing%20Materials%20%26%20Photos/Air%20Ease/Packaged%20Units/AIREASE_PACKAGEDUNITS_PRPAC14-PRPHP14-PRPGE14-PRPGE16-PRPDF16-PRPAC16-PRPHP16-FER_CONSUMERBROCHURE.pdf,AIREASE_PACKAGEDUNITS_PRPAC14-PRPHP14-PRPGE14-PRPGE16-PRPDF16-PRPAC16-PRPHP16-FER_CONSUMERBROCHURE.pdf,21-Jun-2023,18:14:06
200,https://s7d2.scene7.com/is/content/AlliedAirEnterprises/Product%20Materials%20Library/Marketing%20Materials%20%26%20Photos/Air%20Ease/Packaged%20Units/AIREASE_PACKAGEDUNITS_PRPAC14-PRPHP14-PRPGE14-PRPGE16-PRPDF16-PRPAC16-PRPHP16-FER_CONSUMERBROCHURE.pdf,AIREASE_PACKAGEDUNITS_PRPAC14-PRPHP14-PRPGE14-PRPGE16-PRPDF16-PRPAC16-PRPHP16-FER_CONSUMERBROCHURE.pdf,21-Jun-2023,18:14:07
200,https://pascalliedcdnep.azureedge.net/airease/AirEase_J4SHP14LE_Brochure.pdf,AirEase_J4SHP14LE_Brochure.pdf,21-Jun-2023,18:14:07
200,https://pascalliedcdnep.azureedge.net/airease/AirEase_AC_Bro_03.18-legacy.pdf,AirEase_AC_Bro_03.18-legacy.pdf,21-Jun-2023,18:14:09
200,https://pascalliedcdnep.azureedge.net/airease/AirEase_J4SHP18LS_Brochure.pdf,AirEase_J4SHP18LS_Brochure.pdf,21-Jun-2023,18:14:09
200,https://pascalliedcdnep.azureedge.net/airease/RESI_GASFURNACES_A952V-95G2V-UPFLOW_INSTALLATIONMANUAL.pdf,RESI_GASFURNACES_A952V-95G2V-UPFLOW_INSTALLATIONMANUAL.pdf,21-Jun-2023,18:14:09
200,https://pascalliedcdnep.azureedge.net/airease/AirEase_AC_Bro_03.18-legacy.pdf,AirEase_AC_Bro_03.18-legacy.pdf,21-Jun-2023,18:14:09
200,https://s7d2.scene7.com/is/content/AlliedAirEnterprises/Product%20Materials%20Library/Spec%20Sheets/Packaged%20Units/RESI_PACKAGEDUNITS_PRPAC14-PRPHP14-PRAC14-PRHP14_SEER2_INSTALLATIONMANUAL.pdf,RESI_PACKAGEDUNITS_PRPAC14-PRPHP14-PRAC14-PRHP14_SEER2_INSTALLATIONMANUAL.pdf,21-Jun-2023,18:14:09
200,https://s7d2.scene7.com/is/content/AlliedAirEnterprises/Product%20Materials%20Library/Spec%20Sheets/Packaged%20Units/FLAGSHIP_PACKAGEDUNITS_PRPDF16_SEER2_INSTALLATIONMANUAL.pdf,FLAGSHIP_PACKAGEDUNITS_PRPDF16_SEER2_INSTALLATIONMANUAL.pdf,21-Jun-2023,18:14:13
200,https://pascalliedcdnep.azureedge.net/airease/AirEase_Cons_HP_Bro_Legacy.pdf,AirEase_Cons_HP_Bro_Legacy.pdf,21-Jun-2023,18:14:14
200,https://pascalliedcdnep.azureedge.net/airease/AirEase_Cons_HP_Bro_Legacy.pdf,AirEase_Cons_HP_Bro_Legacy.pdf,21-Jun-2023,18:14:15
200,https://s7d2.scene7.com/is/content/AlliedAirEnterprises/Product%20Materials%20Library/Installation%20%26%20Service%20Manuals/Gas%20Furnaces/RESI_GASFURNACES_A802E-80G2E-UPFLOW_SERVICEMANUAL.pdf,RESI_GASFURNACES_A802E-80G2E-UPFLOW_SERVICEMANUAL.pdf,21-Jun-2023,18:14:17
200,https://pascalliedcdnep.azureedge.net/airease/AirEase_4SCU14LB_Tech_Spec.pdf,AirEase_4SCU14LB_Tech_Spec.pdf,21-Jun-2023,18:14:22
200,https://s7d2.scene7.com/is/content/AlliedAirEnterprises/1%20-%20Document%20Updates/RESI_GASFURNACES_A951A-A951S-92G1-95G1-A931A-DOWNFLOW_INSTALLATIONMANUAL.pdf,RESI_GASFURNACES_A951A-A951S-92G1-95G1-A931A-DOWNFLOW_INSTALLATIONMANUAL.pdf,21-Jun-2023,18:14:40
